:020000040800F2
:1000000068240020D50000085D460008D3410008A0
:1000100000000000000000000000000000000000E0
:10002000000000000000000000000000395100083E
:100030000000000000000000814900083B5100085A
:10004000E7000008E7000008E7000008E7000008F4
:10005000E7000008210D0008E7000008E70000089D
:10006000E7000008E7000008E7000008E7000008D4
:10007000E7000008E7000008E7000008E7000008C4
:10008000E7000008E7000008ED510008E70000085D
:10009000E7000008E7000008E7000008E7000008A4
:1000A000E7000008994E0008A94E000861560008B4
:1000B000E7000008E7000008E7000008B970000842
:1000C0000348854600F00EFD0048004739B500089A
:1000D000682400200448804704480047FEE7FEE704
:1000E000FEE7FEE7FEE7FEE7E9510008C100000871
:1000F00030B50B46014600202022012409E00D46C0
:10010000D5409D4205D31D469540491B2546954047
:1001100040191546521E002DF1DC30BD70B500248B
:100120002546002801DA01244042002901DA012590
:100130004942FFF7DDFFAC4200D04042002C00D026
:10014000494270BDF0B51FB40646002082B0054696
:100150004024019100901BE0019922460F46304651
:1001600000F020F8049A059B801A994110D310469C
:100170001946224600F06EFB361A8F41019722463F
:1001800001200021009F00F065FB38184D410090D0
:100190002046641E0028DFDC019B00982946324679
:1001A00007B0F0BD10B5202A04DB0846203AD04045
:1001B000002110BD0B46D340D0402024A21A91400C
:1001C0000843194610BD10B5431A934209D283184B
:1001D000881803E0401E01785B1E1970521EF9D288
:1001E00010BD03460B439B0703D009E008C9121F4B
:1001F00008C0042AFAD203E00B780370401C491CA3
:10020000521EF9D210BDD2B201E00270401C491E4C
:10021000FBD270470022F6E710B513460A460446A3
:100220001946FFF7F0FF204610BD421C0178401C24
:100230000029FBD1801A704703460A780270401CDF
:10024000491C002AF9D118467047F8B502464A40C1
:10025000D40F42004B0052085B089A4202D2024679
:10026000084611464A0023D0C30D4A00DDB2120EE3
:10027000AD1A202D35DA49020126490AF6058A19F8
:10028000002C00D0524220214F1B1146B9402A4178
:100290001018C20D9A4221D0002C17D0012D08DC75
:1002A000DA05801AD20F8019D207DBB200F0FDFA0E
:1002B000F8BDDA05801A012340001B06C01880181B
:1002C0005A428018CA0F1043490007E04908C20784
:1002D0001143DA05801A80194008801800F0DDFA11
:1002E000F8BD61000122511A001BF7E70122D20775
:1002F0005140AAE70122D2075040A6E7024670B556
:100300004A40D30FDB0740002DD04A002AD0010E0F
:10031000140E000212020919400A520A8418E5015B
:1003200004465443000A120A2E045043A4194219E9
:10033000200CC543AA18120C0125AD03521C5219FA
:1003400012047F39240400D0521C104301D4400011
:10035000491EC2B20C06C0092018401C4008802A61
:1003600002D003E0002070BD40084000002900DA00
:100370000020184370BD70B502464A40D50F4000BA
:100380004A00ED0740085208002814D0002A12D075
:10039000C40DD30D41020120C0055202490A520A80
:1003A000E41A091812187D34914201D3641C00E04C
:1003B0004900002C01DA002070BD0023914201D3D6
:1003C000891A0343400849000028F7D100290AD0C0
:1003D000914202D10121C90705E0914201D20121D8
:1003E00001E00121C943E005C018401900F055FAA9
:1003F00070BD420005D04200120E52428A4201DB1B
:1004000000207047C905081870470000F0B507467E
:100410000846584087B0C00F049048000E46590067
:1004200040084908BC1A884105D2384631461E4664
:1004300017460B4602465800400810434CD0300D7A
:10044000039040055900400D490D0590401A029057
:10045000402872DA18030121000B090508430190B6
:1004600004980092002805D001995242002088414A
:1004700000920190029840210A1A0199009800F018
:10048000E9F905460C466B4607CB00F0F3F9C019B5
:100490007141039A0E0D0023D71756401A467A4031
:1004A000164344D0049A002A2DD0029A012A039AB6
:1004B00015DC1205C01A914101263605001C714158
:1004C000D20F059ED2070093019202962A46234638
:1004D00000F031FA07B0F0BD38463146FAE71605AC
:1004E000224A0F46B218C01AB74101210905001C63
:1004F0004F4100187F41114618187941E20F10430F
:100500006D19644113E0E2076D0815436408C207E2
:100510001443039A01261205C01A91413605001CA6
:100520007141CE07400830434908C01851412A465E
:10053000234600F0F3F9CDE7FFE7049801224000DD
:10054000C117121A00238B4104983146C417381A78
:10055000A141EEE730B40124E407634030BC55E725
:1005600030B40124E407614030BC4FE70000E0FFF5
:10057000F0B51FB488B00B99099800244840099938
:10058000C00F490049080991C0070B990090490024
:1005900049080B9109990898A64608431CD00B9965
:1005A0000A98084318D0099801244000420D4800D9
:1005B000410D099824050003000B204309900B9876
:1005C0000003000B20430B9050181C4940180022D8
:1005D00001901446104605E0002001460DB0F0BD24
:1005E000032801DA034600E003239C46C11A0AAE41
:1005F0000AE05F0008ADED5B4F00F75B7D4300272D
:10060000AA187C41491C5B1E6145F2DD410004AB28
:100610005A522104120C0A43240C401C0828DFDB28
:10062000019802900099704601910090059B049AF0
:100630000799069800F07FF9D0E700000DFCFFFF56
:10064000F0B50C465C4085B0E40FE40703944C0021
:10065000002664085900944649080246029622433F
:1006600021D062460A431ED06200570D4A000E0395
:100670002303550D012402462C492405781B1B0B2E
:10068000360B401823432643614600901C46501AFF
:10069000B44103D30098401C009002E092180098E7
:1006A0005B41002803DA0020014605B0F0BD0020C0
:1006B000012109050746864611E064461D46141BC4
:1006C000B54106D36546521BB341744607430C43FC
:1006D000A646CD0740084908284392185B410546C5
:1006E0000D43EAD11046184313D0604619465040D6
:1006F0007140084306D06046101AB34106D2012269
:10070000002306E000220123DB0702E00122D2439E
:100710005310009874460105381C6141029C039DEA
:100720000019694100F0FAF8BFE70000FD0300007E
:1007300010B500229623114600F0B7F810BD000056
:100740000EB5C217C10F5040CA0740180021054B13
:100750000293019200910A460B4600F0ECF803B0B8
:1007600000BD0000330400000EB5054902910021D0
:1007700000910A460B46019100F0DDF803B000BD80
:1007800033040000410040020122400AD205090E54
:1007900080187F2901DA00207047962903DC962211
:1007A000511AC840704796398840704770B5CD0FD0
:1007B0004A0009030123090B1B0519430B4BED07E5
:1007C0000024520D9A4201DA002070BD074B3433E9
:1007D0009A4203DC9A1AFFF7E5FC02E0044951183B
:1007E00088402C43F1D0404270BD0000FF03000060
:1007F000CDFBFFFFC20FD207400040080BD0C10D58
:100800000723DB01C91840020905400A1143C20849
:10081000400711437047002001467047CB0FDB07AC
:10082000490010B5490802460A4307D00A0D0724BB
:100830000903E401090B121B002A01DC002010BD92
:10084000C900440F0C43C100E018D205801800F025
:1008500024F810BD10B5202A04DB0146203A91404F
:10086000002010BD914020239C1A0346E340194309
:10087000904010BD10B5202A06DBCB170846203A61
:100880001041C1170B4306E00B461341D040202412
:10089000A21A91400843194610BD002904DA401CF1
:1008A000490001D140084000704770B40024050C95
:1008B00005D11024000402D1002921D01124050EF5
:1008C00001D100020834050F01D10001241D850F5C
:1008D00001D18000A41C002801DB4000641C002919
:1008E00008D020252E1B0D46F540A14000D0012147
:1008F0002943084301061B1B000ADB1D02D500200B
:1009000070BC7047DB05181880180029F8DA401C05
:100910004900F5D170BC40084000704710B5002B6D
:1009200008DA0024401C614192185B411A4301D14E
:100930004008400010BDF0B51FB482B005460C0061
:1009400003D0084606F022FC02E006F01FFC20302F
:100950000246009021462846FFF77CFF049B059A3B
:1009600004460F4618431143084314D01846104359
:100970001BD0009840210A1A18460599FFF712FC6F
:1009800005460E46009A05990498FFF763FF084351
:1009900005D0012004E02046394607B0F0BD002014
:1009A000C11705430E432C43374300990E98630546
:1009B000401A7905E40A00220C43FD0A0A3002D5E8
:1009C00000200146E9E70105101969410C9C0D9DC5
:1009D00000196941FFF7A2FFDFE7FEB500231A46C1
:1009E0001B1A8A4103DB0020014603B0F0BD4A0018
:1009F0000D0301212D0B0905520D0D43D10702D125
:100A000000186D41521E5110FF31FF310131002796
:100A100004463E46384600970191024601210020D7
:100A20000905FFF7BFFBC3197141F8183246844628
:100A30008E464A4161462846611A904104D3604679
:100A4000241A954176461F46241900986D41401C92
:100A500000903428E1DDF91930467041091BA841A6
:100A600003D20022D243134601E00022134601982C
:100A70000105381C7141FFF751FFB6E74A00090331
:100A80000123090B1B0519430A4B10B5520D9A425D
:100A900002DA0020014610BD064B34339A4203DCD3
:100AA0009A1AFFF77FFB10BD034BD218FFF7D2FE57
:100AB00010BD0000FF030000CDFBFFFF10B50029B3
:100AC00004DB0124E40740428C412146002B04DB77
:100AD0001C460123DB075242A341994200D19042B8
:100AE00010BD0000064C0125064E05E0E36807CC6A
:100AF0002B430C3C98471034B442F7D3FFF7E4FA89
:100B000058FA000878FA000870B54B005B080343F8
:100B10000BD04B005C0D002633466542B341D41721
:100B2000AD1AA34102DB0020014670BD120530184A
:100B3000514170BD70B58C180578401C6B075B0F78
:100B400001D10378401C2A1106D10278401C03E031
:100B500006780E70401C491C5B1EF9D12B0705D48A
:100B60000023521E0DD40B70491CFAE70378401C79
:100B7000CB1A921C03E01D780D70491C5B1C521EA1
:100B8000F9D5A142D8D3002070BD000010B50121D5
:100B900000224902034800F002FC03493220C874D5
:100BA00010BD0000000800480000002004280020BC
:100BB000704700207047000010B500220449054826
:100BC00004F076FE0449034804F068FE002010BDDE
:100BD000680F0020BC060020800B002010B50146E5
:100BE000034804F05BFE024804F02EFE002010BD16
:100BF000BC060020FEB504460F461E46002F04D05A
:100C00000120C0030243154601E055046D0C002C81
:100C100026D001210022C9022F4800F0C0FB042089
:100C200000F060F869464D70280A0870002C1ED04C
:100C300005230222294802F08DF8042000F052F822
:100C4000002F22D0002C19D0052302226946234808
:100C500001F0C6FF6946087800024E7806431FE09F
:100C6000092000221021C00600F099FBD7E70523D8
:100C7000022269461A4802F06DF8DEE705230222D7
:100C80006946174801F0ACFFE4E769464E70300A48
:100C90000870002C0FD005230222104802F05AF8E9
:100CA000002C0FD00122D1020B4800F078FB002C61
:100CB0000FD03046FEBD052302226946084802F0E7
:100CC00049F8EDE7092001221021C00600F067FB7A
:100CD000EDE73046FEBD0000000400488C05002012
:100CE0002805002000220FE0002100BF00BF00BF48
:100CF00000BF00BF00BF00BF00BF00BF491CC9B29A
:100D00001429F2D3521CD2B28242EDD370470000B4
:100D1000024A13185970090A11547047C80200207A
:100D200010B5012000F070FA022000F06DFA10BD3D
:100D300072B6FEE770B5012400F046FA1A4A342074
:100D4000D0601A490225D068C007FCD1D068C0061F
:100D500001D5002422E0D068400701D500241DE021
:100D600010692843106151611069402318431061D4
:100D7000D068C007FCD1D068C00601D500240DE0C2
:100D8000D068400701D5002408E01069A84310612D
:100D90000120C002091806488142D4D3106980217D
:100DA00008431061204670BD0020024000F8010891
:100DB000FFFF0108F8B506460C46154601272248F4
:100DC0002249301888423CD800F0FEF9204B3420EC
:100DD000D8602FE0012D0DD06178207809020843FA
:100DE000A41CAD1ED968C907FCD1D968C90605D5B0
:100DF000002721E02078641C0025F3E7D968490723
:100E000001D5002718E019690122114319613080CA
:100E1000D868C007FCD1D868C00601D500270BE010
:100E2000D868400701D5002706E01869400840004F
:100E30001861B61C002DCDD11869802108431861B6
:100E400000E000273846F8BD0008FEF7FF07000065
:100E50000020024010B5054BF8220121FFF7CAFE21
:100E6000FFF766FC0249FFF786FA10BDFFFF00009E
:100E70000000C842F8B507460E4610461946FFF76F
:100E800035FA08F095FDFFF7B5FC08F045FD04467E
:100E90000D4601213846FFF7ACFA3146FFF72EFA2E
:100EA000FFF7A8FC22462B46FFF762FB04460D46DF
:100EB00031463046FFF722FA064639463846FFF7F4
:100EC0001DFA3146FFF7C1F9FFF794FC22462B4685
:100ED000FFF740FB0CF088FAFFF7A0FCF8BD00001C
:100EE00010B5074BD9220121FFF784FEFFF73CFC28
:100EF0000022044BFFF7A4FBFFF790FC10BD00009D
:100F0000FFFF000000D06D4010B5074BDA22012131
:100F1000FFF770FEFFF728FC0022044BFFF790FB61
:100F2000FFF77CFC10BD0000FFFF000000D06D400B
:100F300010B5074BDB220121FFF75CFEFFF714FC25
:100F40000022044BFFF77CFBFFF768FC10BD00009C
:100F5000FFFF000000D06D4010B5034B712201214E
:100F6000FFF748FE10BD0000FFFF000010B5074B63
:100F7000FD220121FFF73EFEFFF7F6FB0022044BA6
:100F8000FFF75EFBFFF74AFC10BD0000FFFF00000B
:100F90000000244010B5074BFE220121FFF72AFE76
:100FA000FFF7E2FB0022044BFFF74AFBFFF736FC9A
:100FB00010BD0000FFFF00000000244010B5074BEB
:100FC000FF220121FFF716FEFFF7CEFB0022044BA4
:100FD000FFF736FBFFF722FC10BD0000FFFF00000B
:100FE0000000244010B50948C16A046B406B081822
:100FF000002809D00822064903F076F904490422A2
:101000001031204603F070F910BD000080F7FF1F7B
:101010002E010020F0B5054600201F2301265B1E8F
:101020005C1C05D0DF06FF0E3446BC400C42F6D0F7
:10103000002A06D0082A17D0102A11D0182A0BD05F
:101040000120002807D12B68596129688B68182472
:10105000A34313438B60F0BD072BF2D30120F0E7CD
:10106000082BEED30120ECE7102BEAD30120E8E7B0
:1010700010B50446002C03D0607F002802D006E0A3
:10108000012010BD00202077204600F035F8022016
:1010900060772079002808D02046E268A168FFF731
:1010A000B9FF002809D0012010BD2168114848610E
:1010B000206881681822914381606079002814D0EB
:1010C0002168206908612068816860229143626913
:1010D000114381602068816880229143A269114395
:1010E000816001206077002010BD00202168C0438E
:1010F0000861E8E7B71DC10408B5006805498842E2
:1011000007D10548426940210A43426140690840CD
:10111000009008BD003002400010024030B501468A
:1011200020314A780023022A04D0042282630B7003
:10113000012030BD026814680E25AC4314600268BB
:1011400014686408640014600125046C2A46C06BAE
:10115000A24042604D700B70002030BD70B500247D
:10116000014620314A78022A03D0042181630124F8
:1011700016E0026813680E25AB431360026813681B
:101180005B085B0013600125036C2A469A40C36B21
:101190005A604D7000220A70416B002900D08847C8
:1011A000204670BD70B5044600F000F90546601C8D
:1011B00002D004480078241800F0F8F8401BA04240
:1011C000FAD370BD58010020002006490A691206B2
:1011D00007D5054A4A60054A4A600969090600D5EB
:1011E000012070470020024023016745AB89EFCD05
:1011F000FF220449022800D18A76012800D1CA764C
:10120000704700000000002010B504494A690242FE
:1012100002D04861FFF7ECFF10BD00000004014060
:10122000F8B5002297E0012696403340002B6FD09E
:101230004C68012C05D0022C03D0112C01D0122CAB
:1012400010D1856854000327A740BD43CF68A7404D
:101250002F4387604468B4430D79ED06ED0F954048
:1012600025434560C56856000324B440A646A543FF
:101270008F68B7402F43C7604C68022C01D0122CF6
:101280000ED1D408A4002418256AA4465707FC0EE2
:101290000F27A740BD430F69A7402F43644627622D
:1012A00004687546AC430D79AD07AD0FB5402543D5
:1012B00005604C68E4004DD52A4CA56901263543EC
:1012C000A561A469344000949508274CAD002E19FF
:1012D000B5689407240F0F27A740BD430927FF06D1
:1012E000B84201D1002715E0204FB84201D10127B3
:1012F00010E01F4FB84201D102270BE01D4FB8424A
:1013000001D1032706E01C4FB84202D1042701E0B7
:1013100020E00527A7402F43B760184D2C689C4359
:101320004E68F60300D51C432C606C689C434E68E5
:10133000B60300D51C436C60AC689C434E68F60253
:1013400000D51C43AC60EC689C434E68B60200D5E7
:101350001C43EC60521C0B681C46D44000D062E772
:10136000F8BD0000001002400000014000040048E9
:1013700000080048000C004800100048000401402C
:101380000069084201D0012070470020704742697F
:1013900013460B401B0491430B4383617047002AA3
:1013A00001D0816170478162704700000148806808
:1013B00070470000580100200248816802788918AF
:1013C000816070475801002010B50648016810225E
:1013D00011430160002000F007F800F029F8002018
:1013E00010BD00000020024070B504460E4D7D2067
:1013F0002978C000FEF77CFE01460C480068FEF725
:1014000077FE02F06FFB002801D0012070BD042C94
:1014100007D200222146501E00F02AF86C600020FE
:1014200070BD012070BD0000580100206401002043
:1014300008B5084881690122114381618169114021
:101440000091C26901040A43C261C069084000906A
:1014500008BD000000100240002805DBC106C90ECF
:1014600001208840014908607047000000E100E069
:1014700010B505F0DDFE10BD10B501680523012291
:10148000DB01C3189A661724002364010019037056
:101490004031888A10438882888A022210438882D9
:1014A000002010BD704710B50C0606D54907490F3E
:1014B000282461430818283004E0282461430818D0
:1014C000FF30693099B2002A06D0012202730181EF
:1014D000190C4181002010BD00220273C180F9E780
:1014E00010B528224A4312180523DB01C018D26B1D
:1014F000006F04F0C8FC10BD10B528224A43121832
:101500000523FF32DB010132C018D26F006F04F0F7
:1015100027FD10BD70B5CA094907490F0D4628239C
:101520005943091801230024002A02D028314B70A6
:1015300002E0FF3169314C700D701522520185189F
:101540002A7A012A06D02B72006805F0C7F92C729E
:10155000002070BD022070BD70B50A074368120FED
:101560009A4201D9012070BDCA094907490F0D46A9
:1015700028235943091801230024002A02D02831C6
:101580004B7002E0FF3169314C708C700D70152288
:10159000520185182A7A012A06D02B72006805F0BC
:1015A00045FA2C72002070BD022070BDF8B50B7892
:1015B00005689C462C46DE00570440348B69002F9A
:1015C00031DA248A6419324D7519645BA405A40DBF
:1015D000A34202D31B1B8B6101E000238B618B694B
:1015E000002B0BD165460368AD005E5B294F3E4082
:1015F00001277F037E40284F3E435E53520609D5A4
:101600000B7802689B00D55A244E3540224E403656
:101610003543D552002C38D00A89496900682346E1
:1016200005F055FD31E0248A6419194D2D1D7519F9
:10163000645BA405A40DA34202D31B1B8B6101E0D4
:1016400000238B618B69002B0BD165460368AD00CD
:101650005E5B104F3E4001277F037E400E4F3E43AE
:101660005E53520609D40B7802689B00D55A0B4E84
:101670003540094E40363543D552002C05D04A89B5
:1016800049690068234605F022FD2046F8BD0000A8
:10169000020400008FBF0000808000008F8F0000D8
:1016A000F8B505460C46164620782A688446C000E0
:1016B000864613462046770640332030A169002F26
:1016C00076DA1B8A9F188E4B7246D218BA5A920548
:1016D000920D914202D9891AA16101E00021A16114
:1016E000A169002910D071040AD52F6861468900CC
:1016F0007E5ABE46834F3E40834F3E4377467E52DE
:101700000179012910D0EAE061462846FFF7E8FE9A
:101710007004F8D5217828688900425A794B1A401C
:10172000794B1A434252DAE0616989186161E169D3
:101730008918E1612669216AB14203D33246881AC9
:10174000206205E0002909D0002606710A462662BB
:101750006078002805D001282BD033E000210171EA
:10176000F6E728685021095A08182178C900081896
:10177000C018002A08D03E2A10D85108D30700D03C
:10178000491C890201801DE00188604B19400180DD
:1017900001880123DB031943018013E05109D306BB
:1017A00000D1491E89020123DB031943018009E0AE
:1017B0000FE028685021095A08182178C900081834
:1017C000C018028093B222896169286805F09CFCE8
:1017D00085E01B8A4A4F9B1872463F1DD2199A5AC0
:1017E0009205920D914202D3891AA16101E0002174
:1017F000A161A169002910D071040AD42E68614644
:101800008900735AB6463F4E33403F4E33437646C7
:1018100073520179012910D061E061462846FFF733
:101820005FFE70045BD4217828688900425A354BEA
:101830001A40354B1A43425251E06169891861617F
:10184000E1698918E1612369216A994203D31A4643
:10185000881A206205E000290AD00A460021216288
:10186000017128686178002905D0012929D030E06C
:1018700000210171F5E75021095A08182178C900A3
:101880000818C019002A08D03E2A10D85108D307DA
:1018900000D0491C890201801BE001881B4B1940C4
:1018A000018001880123DB031943018011E0510904
:1018B000D30600D1491E89020123DB0319430180AD
:1018C00007E05021095A08182178C9000818C019E2
:1018D000028093B262896169286805F015FC21785D
:1018E00028688900425A074B30331A4010235A4067
:1018F00020235A40064B1A4342520020F8BD0000F4
:10190000020400008F8F000080C00000FF830000F1
:10191000808000004907490F282251430818FF30F2
:10192000813040687047F8B54F07CC097F0F2821F8
:101930007943091801260025002C02D028314E7069
:1019400002E0FF3169314D700F700A61CB704A7847
:10195000002A00D0CF81022B00D10D711522520137
:101960008418227A012A06D02672006804F082FECA
:1019700028462572F8BD0220F8BD70B50D466C07EB
:10198000640F282161430918FF3169314A618B6175
:101990000022CA614A700C706A0704D0006805F022
:1019A000A7F8002070BD006805F0A2F8F9E770B54F
:1019B0004A074368520F9A4201D9012070BDCD09F0
:1019C00000240123002D05D0282151430918283176
:1019D0004B7005E0282569430918FF3169314C70C7
:1019E0008B700A701522520185182A7A012A06D0B6
:1019F0002B72006805F05CF82C72002070BD02208C
:101A000070BD70B50D466C07640F2821614309183D
:101A100028314A618B610122242672540B62002313
:101A2000CB614A700C706A0704D0006805F060F85A
:101A3000002070BD006805F05BF8F9E7F8B50446D2
:101A4000206805F041FB000402D5204602F008FEA4
:101A5000206805F039FB40050CD5206840308188AE
:101A6000524A11408180204600F022F90021204690
:101A700000F050F9206805F027FB400405D52068E8
:101A8000403081884A4A11408180206805F01CFB63
:101A9000800405D5206840308188464A1140818005
:101AA000206805F011FBC104172040010426082717
:101AB000251800291BDA206840300188B1430180D5
:101AC000206840300188B94301802878012805D179
:101AD0000020287000212046FFF7E4FC204600F09B
:101AE000FBF8206840308188334A114081802068AB
:101AF00005F0EAFA000512D5206840300188394324
:101B000001802068403081882C4A11408180206803
:101B10004030018831430180204600F02FF92068D1
:101B200005F0D2FA00060BD520684030818880226B
:101B300091438180287800281CD0204600F01EF9AF
:101B4000206805F0C1FA800508D5206840308188FA
:101B50001B4A11408180204600F0D4F8206805F02F
:101B6000B3FAC00505D5206840308188154A114078
:101B70008180F8BD206840300188314301802068B1
:101B800040300188394301800120287020684030AE
:101B9000808AF021084005218008C9016118486643
:101BA00001212046FFF77EFCCAE70000FFFB000092
:101BB000FFBF0000FFDF0000FFEF0000FFF70000A5
:101BC000FFFD0000FFFE0000F0B585B00446002CCC
:101BD00007D0152040012618707A0025002803D070
:101BE00006E0012005B0F0BD3572204600F044F853
:101BF00003207072206804F00FFF002001270DE021
:101C00002821414309190A46203257721072C886AA
:101C1000D5728D63CD630D64401CC0B26168814292
:101C2000EED8002010E02821414309190A46FF326E
:101C3000613255721072D572603A9567D567FF317F
:101C400081310D60401CC0B261688142EBD82146F1
:101C5000142210316846FEF7B6FA20460FC804F089
:101C6000D1FE242005557772E069012802D1204673
:101C7000FFF702FC0020B5E708B500680A49884272
:101C800010D10A48C2690121C9050A43C261C0696D
:101C900008400090002202211F20FFF7E9FB1F20CF
:101CA000FFF7DAFB08BD0000005C004000100240B6
:101CB00070B504460125A068022801D0FFF738F866
:101CC0000520C00124182946206F04F040FA206F37
:101CD00004F0FDF970BD000010B50446A0690028AD
:101CE00006D00748016906229143016103F02BFAEF
:101CF0000520C0012018006F04F011FA10BD00008B
:101D000000ED00E010B50521C9014018006F04F096
:101D100010FA10BD10B5152252018418227A012A3A
:101D200009D00122227224221154006805F0E5F93D
:101D30000020207210BD022010BD10B50521C90180
:101D400041180A6F2B2109014118104604F00CFAC2
:101D500010BD70B50446152040012518287A0128C9
:101D60000AD001202872206805F09CF9206804F050
:101D700041FE0020287270BD022070BD10B50446DF
:101D80000520C0012018006F04F032FAA069002875
:101D900004D00348016906221143016110BD00000F
:101DA00000ED00E0024801688215114301607047B0
:101DB00000700040F8B504462068444DC00355D576
:101DC0000026E869C00007D4E96928040143E961F5
:101DD000E9690140009101263D480168C90512D416
:101DE0000168821511430160FFF7E0FA074606E03B
:101DF000FFF7DCFAC01B642801D90320F8BD344882
:101E00000068C005F4D5286A0321090208400028AB
:101E10001FD062680A4082421BD0286A88432A6A1F
:101E2000012109040A432A622A6A8A432A62286233
:101E3000C0070ED0FFF7BAFA074607E0FFF7B6FA79
:101E4000C11B2448814201D90320F8BD286A8007BC
:101E5000F4D5286A0321090288436168084328628F
:101E6000012E03D1E96930078143E9612078C00779
:101E700005D0286BA168800880000843286320787B
:101E8000800706D5286B032109048843E1680843CD
:101E900028632078800605D5286B102188432169A6
:101EA000084328632068800305D5286B8021884378
:101EB000A169084328632088400505D5286B402187
:101EC00088436169084328630020F8BD0010024080
:101ED0000070004088130000F8B504460D46002C41
:101EE00012D043480068C007C00FA8420ED2404835
:101EF000016849084900294301600068C007C00F14
:101F0000A84203D00120F8BD0120F8BD2068394E59
:101F100081070CD5400704D57068072109020843E2
:101F200070607068F0218843A16808437060207871
:101F3000C00732D06068012808D002280BD00328DF
:101F40000ED03168890710D40120F8BD31688903AB
:101F50000BD40120F8BD3168890106D40120F8BDF9
:101F6000716BC90301D40120F8BD7168890889002B
:101F700001437160FFF71AFA074607E0FFF716FA08
:101F8000C11B1D48814201D90320F8BD70680C2196
:101F90000840616889008842F0D115480168C90786
:101FA000C90FA9420BD901684908490029430160BA
:101FB0000068C007C00FA84201D00120F8BD2078FA
:101FC000400706D57068072109028843E168084385
:101FD000706000F02DF87168084A0906090F515C1D
:101FE000C840074908600020FFF7FEF90020F8BD4F
:101FF00000200240001002408813000067DE000845
:10200000640100200148006870470000640100205E
:1020100000B5FFF7F7FF04494968044A4905490F2D
:10202000515CC84000BD00000010024077DE00088F
:1020300030B589B022A001460EC9C06805AC0EC4F7
:10204000089023A001460EC9C06801AC0EC40490DC
:10205000234B59680C200A4602402248042A05D026
:10206000214D082A04D00C2A00D1284609B030BDE1
:102070008A02120F05ACA45CDA6A01AB1207120FD8
:102080009A5CC903890F022909D003290FD00023C4
:102090001946FEF757F8214605F08FF8E6E70023CA
:1020A0001946FEF74FF8214605F087F8DEE70023D2
:1020B00028461946FEF746F8214605F07EF8D5E792
:1020C00002030405060708090A0B0C0D0E0F101079
:1020D0000102030405060708090A0B0C0D0E0F1078
:1020E0000010024000127A00006CDC02FEB50446CB
:1020F000002C0FD02078F94EF94DC0075AD06868EF
:102100000007800F012822D068680007800F02288E
:1021100002D006E00120FEBD6868C003800F0228DF
:1021200015D0606801281AD00121890400281AD02E
:1021300005281FD02868B043286028688843286095
:102140006068002828D0FFF731F9074620E02868AA
:1021500080032FD5606800282CD10120FEBD28689F
:1021600030432860ECE72868B0432860286888433B
:102170002860E5E72868084328602868304328601D
:10218000DEE7FFF713F9C01B642801D90320FEBD69
:1021900028688003F5D50DE0FFF708F9074606E04B
:1021A000FFF704F9C01B642801D90320FEBD28688D
:1021B0008003F5D4207880074CD568680007800F2D
:1021C00014D068680007800F022804D16868C00333
:1021D000800F01280AD0E068002829D02868012152
:1021E00008432860FFF7E2F8074616E028688007F2
:1021F00004D5E068012801D00120FEBD2968F8203F
:1022000081432069C0000143296023E0FFF7CEF835
:10221000C01B022801D90320FEBD28688007F5D520
:102220002868F82188432169C9000843286011E023
:102230002868400840002860FFF7B8F8074606E025
:10224000FFF7B4F8C01B022801D90320FEBD28689F
:102250008007F5D42078000727D5E069002812D040
:10226000686A012108436862FFF7A0F8074606E0A4
:10227000FFF79CF8C01B022801D90320FEBD686A45
:102280008007F5D511E0686A400840006862FFF7F2
:102290008DF8074606E0FFF789F8C01B022801D930
:1022A0000320FEBD686A8007F5D420780427400724
:1022B000002874DA00200190E869C00008D4E869B9
:1022C000B9060843E861E8690840009001200190E0
:1022D00084480168C90513D401688215114301605F
:1022E000FFF764F8029007E0FFF760F80299401AE0
:1022F000642801D90320FEBD7A480068C005F3D5E3
:10230000A068012811D0002814D005281AD0286A06
:10231000400840002862286AB8432862A068002864
:1023200025D0FFF743F802901DE0286A01210843F9
:102330002862F3E7286A400840002862286AB84308
:102340002862EBE7286A38432862286A012108439B
:102350002862E3E7FFF72AF80299411A62488142AE
:1023600001D90320FEBD286A8007F3D50FE0FFF7EF
:102370001DF8029008E0FFF719F80299411A5A482F
:10238000814201D90320FEBD286A8007F3D4019859
:10239000012804D1E869012109078843E861207810
:1023A000C00641D5606901280CD0401D27D0686B5C
:1023B00038436863686B400840006863FEF7F6FFC7
:1023C00007462EE0686B38436863686B0121084359
:1023D0006863FEF7EBFF074606E0FEF7E7FFC01B6A
:1023E000022801D90320FEBD686B8007F5D5686B14
:1023F000F8218843A169C9000843686314E0686B49
:10240000B8436863686BF8218843A169C900084331
:10241000686309E0FEF7CAFFC01B022801D9032048
:10242000FEBD686B8007F5D4207880063CD56868CF
:102430000007800F032813D068680007800F022868
:1024400004D16868C003800F032809D0206A0028DF
:1024500019D0686B30436863FEF7A8FF06460EE0AC
:10246000686BC00320D5206A01281DD00120FEBD65
:10247000FEF79CFF801B022801D90320FEBD686B7C
:10248000C003F5D510E0686BB0436863FEF78EFFBC
:10249000064606E0FEF78AFF801B022801D90320CA
:1024A000FEBD686BC003F5D4606A00286DD0696812
:1024B0000907890F02294FD001273F06022806D0BD
:1024C0002868B8432860FEF771FF044640E028689A
:1024D000B8432860FEF76AFF06460EE000000100E0
:1024E000001002400070004088130000FEF75EFFFD
:1024F000801B022801D90320FEBD28688001F5D485
:10250000E86A216B000900010843E862A16AE06AF9
:10251000084369687B22D2039143084368602868B6
:1025200038432860FEF742FF044606E0FEF73EFF10
:10253000001B022801D90320FEBD28688001F5D5C3
:1025400023E0FEF733FF001B022801D90320FEBD64
:1025500028688001F5D418E0012814D06868E96A79
:102560000322D203A36A02409A420AD10907226BCE
:10257000090F914205D10F2189040840E16A884280
:1025800003D00120FEBD0120FEBD0020FEBD0000E5
:1025900010B50B46006841680D480140080CD87022
:1025A000CC04E40E5C708C06A40E9C700904490FE8
:1025B0001970002A0AD102F0E4F9D870587802F0B4
:1025C000E0F95870987802F0DCF99870002010BD9E
:1025D0003FFFFF0010B50B460168896A596001682A
:1025E00009694904490C9960006801680E48014076
:1025F0008802800E18704C04640E5C704C06640EE9
:102600009C70090C40242140D970002A0AD102F0A4
:10261000B8F91870587802F0B4F95870987802F048
:10262000B0F99870002010BD7F7F7F0070B5044620
:10263000002C03D0607F002802D006E0012070BD8E
:1026400000202077204600F051F8022060772168B2
:10265000CA204862216853204862204602F0A4F94B
:10266000FF250426002804D02068456266770120F3
:1026700070BD206881681C4A1140816020688168B3
:1026800062686369114322691A43114381602168BA
:10269000E068086120680169228912041143016120
:1026A0002068C16880229143C160206880688006EC
:1026B00009D4204600F00CF9002804D020684562B7
:1026C0006677012070BD2068016C0122920491435D
:1026D00001642068016CA2691143016420684562AD
:1026E00001206077002070BDBFFF8FFF00680549A3
:1026F000884205D10448016A0122D20311430162D4
:10270000704700000028004000100240F8B5044661
:102710000B46207F012806D0012020770220607719
:10272000002A02D008E00220F8BD5878C10603D57F
:10273000EF2108400A305870002A1DD0D8789D78C3
:1027400000040543587819780002490308430543FB
:102750002168CA204862216853204862204602F05E
:1027600023F90026FF27002817D02068476204209D
:10277000607726770120F8BDD87802F00AF90504C1
:10278000587802F006F900020543987802F001F942
:102790000543187840030543DAE7104805402068F0
:1027A00045602068C16880229143C16020688068CC
:1027B00080060BD4204600F08BF8002806D0206855
:1027C00047620420607726770120F8BD20684762C1
:1027D0000120607726770020F8BD00003FFFFF0052
:1027E000F8B504460D46207F012828D00120207727
:1027F000022060770026002A23D0206880684006E7
:1028000000D4EE702878AF78000407436878E97840
:1028100000020904084307432168CA20486221686E
:1028200053204862204602F0BFF800281FD02168DC
:10283000FF2048620420607726770120F8BD02203F
:10284000F8BD20688068400600D4EE70287802F059
:10285000A0F80704687802F09CF800020743A87803
:1028600002F097F80743E87800040743D4E71748D5
:102870000740206807602068816801229204914324
:102880008160E9682869014320688268114381609A
:102890002068C16880229143C160206880688006FA
:1028A0000CD4204600F014F8002807D02168FF203F
:1028B00048620420607726770120F8BD2168FF2058
:1028C00048620120607726770020F8BD7F7F7F0077
:1028D00070B505462868C168A0229143C160FEF723
:1028E00065FD04467D26F60006E0FEF75FFD001B51
:1028F000B04201D9032070BD2868C0688006F4D5B5
:10290000002070BD70470000F8B50446206842689A
:102910008168C9434B0608D5CB0706D1D3435B0674
:1029200003D4E16C20468847F8BD8B0706D4D34317
:102930001B0603D4216D20468847F8BD8B0603D5BE
:102940004B0601D5CB05F8D4D3439B06F5D42346DB
:102950004D064033002D09DB5D7F032D48D0256EE9
:10296000042635432566C568856800958E060127CF
:102970004025002E07DB266E3E43266686680096BD
:102980000668AE430660C80506D4206E08210843D9
:102990002066206880680090206E0028CDD02068D6
:1029A0004168E026B14341605F77900701D4D007CA
:1029B00022D020684168890889004160A06D104ECE
:1029C000002808D04663A06DFEF7C8FB002802D09F
:1029D000206E28432066606D0028AED04663606D8F
:1029E000FEF7BCFB0028A8D0206E28432066F8BD67
:1029F000C16880680090F8BD2046FFF783FFF8BDEE
:102A0000B94E0008F8B50446002C0CD0606A0026C8
:102A100000280AD026616661A66225464035687F97
:102A2000002808D00BE00120F8BD6168C81FFD3800
:102A3000F2D0E661F0E72E77204600F05BF8022244
:102A40006A77206801684023994301600723E168A1
:102A50001B02994201D9002001E0012000030F2749
:102A60003F02B94202D0994200D0A662FF236168BA
:102A7000053319402127A368BF023B40194323694E
:102A80001340227D1943D207D20F11430123A269BB
:102A90005B021A401143E26938231A401143226A4B
:102AA00080231A401143A26A9B011A4011432268F5
:102AB0001160A1690422090C1140626A10231A40B6
:102AC0001143626B08231A4011430F23E2681B0273
:102AD0001A40114301221203104001432068416053
:102AE0002068C16952109143C16126660120687750
:102AF0000020F8BD70B586B00446142101A8FDF78A
:102B000089FB324A2168002431480225032691427C
:102B100022D1826981140A43826182690A4000924B
:102B2000426949010A434261406908400090E0203F
:102B300001900295039404960594092001A9C0060A
:102B4000FEF76EFB002201211920FEF791FC1920EF
:102B5000FEF782FC06B070BD1E4A9142FAD1C269EE
:102B600009140A43C261C2690A4000924169012204
:102B7000D2041143416141691140009141695210F1
:102B8000114341614069104000900C200190029572
:102B9000039404960120059001A90F48FEF740FB1D
:102BA000012080020190029503940496052005906F
:102BB00001A90A48FEF734FB002201211A20FEF782
:102BC00057FC1A20FEF748FCC4E700000030014023
:102BD000001002400038004000080048000400488F
:102BE000FFB583B004461E460027FF2125466068D6
:102BF00005314035884202D1A06800280CD0287FDA
:102C0000012814D001202877FEF7D0FB0290687FBE
:102C100001280ED0022795E004206877049A0096D8
:102C200011462046059B00F057F907B0F0BD022081
:102C3000FBE7049800281DD0059800281AD004202E
:102C4000687700202066049921640599A980059978
:102C5000E980A063A087E087E06420650720012168
:102C6000E26800020903824206D9206842688A436A
:102C7000426005E0012765E0206842680A4342603F
:102C80000122A068D2034021904208D12068026846
:102C90008A430260206802680B029A43026020683F
:102CA0000268520602D402680A4302600720E16803
:102CB0000002814218D935E020688168C90709D02F
:102CC000007B216C0870206C401C2064E888401E4A
:102CD000E88009E0FEF76AFB0299401AB04201D38E
:102CE000701C05D1002E03D0E8880028E4D11CE038
:102CF000032727E020688168C90709D0C068216CD4
:102D00000880206C801C2064E888401EE88009E070
:102D1000FEF74CFB0299401AB04201D3701C17D148
:102D2000002E15D0E8880028E4D131462046029ACA
:102D300002F0CBF8002801D020202066206E002869
:102D400000D00127012068770020287738466CE7FB
:102D50000327F7E7FFB583B004461D460027264644
:102D60004036307F01280AD001203077FEF71EFB65
:102D700002900599707F012804D00227A6E0022066
:102D800007B0F0BD0498002833D00598002830D053
:102D90000320707700202066049AA263059AA28718
:102DA000059AE2872064B080F0802065E06401220B
:102DB000A068D203904209D12068026840239A4358
:102DC0000260206802681B021A43026020680268E1
:102DD000520603D4026840231A4302600722E068C7
:102DE0001202904230D96068002804D0012902D034
:102DF00024E001276AE0A06B21680088C860A06B0E
:102E0000801CA063E08F401EE08717E02068816887
:102E1000890709D5A16B0988C160A06B801CA063DC
:102E2000E08F401EE08709E0FEF7C0FA0299401AE1
:102E3000A84201D3681C05D1002D03D0E08F0028E3
:102E4000E4D12CE0032741E06068002801D001298B
:102E500022D1A06B216800780873A06B401CA0638E
:102E6000E08F401EE08717E020688168890709D558
:102E7000A16B09780173A06B401CA063E08F401E1A
:102E8000E08709E0FEF792FA0299401AA84201D3BE
:102E9000681C11D1002D0FD0E08F0028E4D1294605
:102EA0002046029A02F053F8002801D02020206624
:102EB000A068002802D005E0032707E02068C16869
:102EC00080680190206E002800D0012701207077D3
:102ED00000203077384653E7FFB583B00C9F044697
:102EE00001260020019025464035287F012810D07A
:102EF00001202877FEF75AFA0290697F62680698E7
:102F000001290ED0D31FFD3B08D1A268002A05D1AC
:102F100002E0022007B0F0BD042902D00220019097
:102F2000D2E00499002926D00599002923D00699DA
:102F3000002920D0697F042901D00521697700216B
:102F40002166059A2264069AEA80069AAA80049A63
:102F5000A263069AE287069AA287E16421650723A5
:102F60000122E1681B021203994207D921684B68CC
:102F700093434B6006E001200190A5E021684B6877
:102F800013434B6021680A68520603D40A68402341
:102F90001A430A600721E26809028A4245D961683A
:102FA000002901D0012839D1A06B21680088C860B0
:102FB000A06B801CA063E08F401EE0872EE020689D
:102FC000816889070ED5E18F00290BD0012E09D128
:102FD000A16B0988C160A06B801CA063E08F401EBC
:102FE000E087002620688168C9070CD0E98800299D
:102FF00009D0C068216C0880206C801C2064E8889F
:10300000401EE8800126FEF7D1F90299401AB84225
:1030100004D3781C02D00320019055E0E08F0028F3
:10302000CDD1E8880028CAD143E06168002901D0E9
:10303000012838D1A06B216800780873A06B401C70
:10304000A063E08F401EE0872DE02068816889073B
:103050000ED5E18F00290BD0012E09D1A16B097883
:103060000173A06B401CA063E08F401EE087002628
:1030700020688168C9070CD0E988002909D0007B45
:10308000216C0870206C401C2064E888401EE88099
:103090000126FEF78BF90299401AB84201D3781C39
:1030A00018D1002F16D0E08F0028CED1E888002854
:1030B000CBD139462046029A01F049FF002803D0BF
:1030C00001200190202020660120687700202877C9
:1030D00001981FE703200190F6E70000F8B5FE4FC6
:1030E000388D401C38853C468034A08A002802D0A8
:1030F000A08A401EA082F87C00280AD0F87C401EDE
:1031000040B2F874002804DC01225102F348FEF7B3
:1031100046F9F1488030406B012500281DD0EE496A
:103120008031486B401E4863002816DCEC4C0122BD
:1031300011022046FEF733F9012251022046FEF724
:103140002EF9387D002803D0387D022802D004E013
:103150003D7502E0002038757D75B87ADE4C40344C
:1031600000287DD02046403080692646203E002839
:1031700077D0214640318869401E8861002870DC84
:1031800000208861608D012805D00020B070A08EDD
:10319000012850D071E0A08E012815D00121002215
:1031A0004903CE48FEF7FBF83D74A08D00282CD0D3
:1031B0003821B88E615E88426DDC0A21F88D615E2F
:1031C000884268DD3D7266E0B07800281BD0C249B5
:1031D000C4488031486301221102C148FEF7DFF87C
:1031E000012100224902BE48FEF7D9F80220F07002
:1031F0007D737D20B849C000803188820320F87536
:10320000B9484864D1E7FD73CFE73821B88E615ED5
:10321000884240DC0A21F88D615E88423BDD0A214C
:10322000388E615E884236DD0A21788E615E884282
:1032300031DD3D722FE0707800281DD0A649A948E5
:1032400080314863FF2100220131A548FEF7A7F82D
:1032500001225102A248FEF7A2F8F5707D7301E049
:10326000E2E13DE07D209C49C0008031888203205E
:10327000F8759D48486400E0BD73A08D002812D009
:103280003821B88F615E884205DC0A21F88E615EC4
:10329000884200DD3D720220B8708F488030C169DD
:1032A000002916D01CE03821B88F615E8842F2DC1C
:1032B0000A21F88E615E8842EDDD0A21388F615E59
:1032C0008842E8DD0A21788F615E8842E3DD3D7245
:1032D000E1E7016A002903D1406A002800D1B872F1
:1032E0007D488030C06900287ED07B498031C86924
:1032F000401EC861002877DC0020C861608D01286D
:1033000004D0B570B87803284CD074E070780028E9
:1033100025D00020B870A08E012828D06E497148B1
:1033200080314863FF21002201316D48FEF737F8F4
:10333000012251026A48FEF732F8F5707D737D2054
:103340006549C000803188820320F875664848646A
:10335000012251036148FEF722F8002038743A2117
:10336000B88E615E8842CDDB00203872CAE75A49C8
:103370005C4880314863FF21002201315848FEF744
:103380000EF8012251025648FEF709F8F5707D73D8
:103390007D205149C000803188820320F875524851
:1033A0004864DCE70020B870A08E01281AD14A4991
:1033B0004C4880314863012211024948FDF7EFFF74
:1033C0000121002249024648FDF7E9FF0220F07082
:1033D0007D737D204049C000803188820320F875CC
:1033E00041484864B88F00E011E03A21615E8842AC
:1033F00001DB00203872384880308169002906D10D
:10340000016A002903D1406A002800D1B87232480D
:103410008030006A002869D02F498031086A401E38
:10342000086200287DDC00200862608D012805D03C
:103430000020B070A08E012834D05EE0A08E01285C
:103440000FD00121002249032448FDF7A8FF3D7455
:103450002148B98E80300022825E914254DB7D7219
:1034600052E0B07800281BD01B491E4880314863C9
:10347000012211021A48FDF792FF012100224902A0
:103480001748FDF78CFF0220F0707D737D201249F4
:10349000C000803188820320F87513484864D7E75C
:1034A000FD73D5E77078002826D00B490D48803190
:1034B0004863FF21002201310948FDF770FF012216
:1034C00051020748FDF76BFFF5707D737D200249BF
:1034D000C000803188820AE0000000200008004817
:1034E00000040048881300001F4E000019E003206C
:1034F000F875F548486400E0BD73F4480022B98FC0
:10350000825E914200DB7D720620B870EF48C1698F
:10351000002906D1C169002903D1406A002800D1E1
:10352000B872EA49486A00287ED0486A401E48625C
:10353000002879DC00204862608D012832D0B07804
:10354000002823D00020B870A08E012876D0E04853
:103550004863FF2100220131DE48FDF720FF0122F0
:103560005102DC48FDF71BFFF5707D737D20D749C4
:10357000C00088820320F875D448D34941640122F1
:103580005103D548FDF70BFF00203874CF480222C5
:10359000B98F825E914201DC00207872B8780328EE
:1035A00066D083E07078002823D00020B870A08E09
:1035B000012827D0C549C6484863FF2100220131B0
:1035C000C448FDF7ECFE01225102C248FDF7E7FEB8
:1035D000F5707D737D20BD49C00088820320F87599
:1035E000B948486401225103BB48FDF7D8FE0020CA
:1035F0003874B6480222B98E825E9142CEDC002039
:103600007872CBE7B149B2484863FF21002201310B
:10361000B048FDF7C4FE01225102AE48FDF7BFFEDF
:10362000F5707D737D2001E04BE007E0A749C00005
:1036300088820320F875A4484864DAE7A349A448BF
:10364000486301221102A348FDF7A9FE01210022CF
:103650004902A048FDF7A3FE0220F0707D737D2093
:103660009A49C00088820320F875974848648DE71E
:103670000020B870A08E012818D19449944848635E
:10368000012211029348FDF78AFE0121002249021E
:103690009048FDF784FE0220F0707D737D208B49F9
:1036A000C00088820320F87587484864874881698C
:1036B000002906D1C169002903D1006A002800D180
:1036C000B87282488038417C3C22B030002970D0EA
:1036D0007E498B6B5B1C8B63C82B6BD30346B03B63
:1036E0005A760027DF574B26F6003B0003F07DFD9E
:1036F00019D20E12161E262A2E363E464E57636DDE
:10370000757E878F979FA7B2BDC8D20063895B1C67
:103710006381BFE0A3895B1CA381BBE0E3895B1CE1
:103720001BB2E381B34200DDE681B3E0238A5B1C78
:103730001BB22382B34200DD2682ABE0638B5B1CAD
:103740006383A7E0A38B5B1CA383A3E0E38B5B1CD9
:103750001BB2E383B34200DDE6839BE0238C5B1C5A
:103760001BB22384B34200DD268493E083785B1C84
:10377000DBB283701F2B00D985708BE043785B1C14
:10378000DBB243700C2B00D9457083E0C3785B1C1F
:10379000DBB2C370632B7DD90023C3707AE04F4E38
:1037A00033785B1CDBB23370172B73D90023337073
:1037B00070E075E077E0494E73785B1CDBB27370A4
:1037C0003B2B67D90023737064E003785B1CDBB28A
:1037D0000370072B5ED905705CE0238F5B1C1BB266
:1037E0002387322B56DD3223238753E0638F5B1C04
:1037F0001BB26387322B4DDD322363874AE00B888F
:103800005B1C1BB20B803C2B44DD0A8042E04B88E2
:103810005B1C1BB24B803C2B3CDD4A803AE00B89A1
:103820005B1C1BB20B813C2B34DD0A8132E04B89DF
:103830005B1C1BB24B813C2B2CDD4A812AE0234EC2
:10384000803EB3795B1C5BB2B371012B22DD002398
:10385000B3711FE01D4E803EB3795B1E5BB2B37146
:10386000002B17DA0223B37114E0184E803EB379AF
:103870005B1E5BB2B371002B0CDA0423B37109E059
:10388000174FBB895B1C1BB2BB81FF266936B34255
:1038900000DDBE8100238B630C4980390D7602E088
:1038A0000A4B00219963094E803EB17C002970D0FB
:1038B0000649CB6B5B1CCB63C82B6BD3727600279E
:1038C000F75728220EE000001F4E00008000002065
:1038D000881300000004004800080048B4020020DB
:1038E000C80400203B0003F080FC19EE0E18222CC7
:1038F00036404A566069727B858F98A0A8B1BAC3DA
:10390000CCD4DDE6EE006089401E60810A20205E96
:10391000002801DA00206081D5E0A089401EA08146
:103920000C20205E002801DA0020A081CBE0E08995
:10393000401EE0810E20205E002801DA0020E08198
:10394000C1E0208A401E20821020205E002801DA7B
:1039500000202082B7E0608B401E60831A20205E2A
:10396000002801DA00206083ADE0A08B401EA08318
:103970001C20205E002801DA0020A083A3E0E08B59
:10398000401EE0831E20205E002801DA0020E08334
:1039900099E09CE09AE0208C401E20842020205E4C
:1039A000002801DA002020848DE08278521E120661
:1039B000120E827001D11F22827084E04278521E62
:1039C0001206120E42707ED10C2242707BE0C27849
:1039D000521E1206120EC27075D16322C27072E0BE
:1039E0003D4A1078401EC0B2107018286BD30020DA
:1039F000107068E0384A5078401EC0B250703C28C1
:103A000061D3002050705EE00278521E1206120E42
:103A1000027058D10722027055E0208F401E00B27C
:103A2000208728284FDA22874DE0608F401E00B2A1
:103A30006087282847DA628745E00888401E00B280
:103A4000088032283FDA322008803CE04888401E57
:103A500000B24880322836DA3220488033E00889C4
:103A6000401E00B2088100282DDA002008812AE0DB
:103A70004889401E00B24881002824DA002048818D
:103A800021E0B079401E40B2B07100281BDAB57158
:103A900019E0B079401C40B2B071022813DD00205B
:103AA000B07110E0B079401C40B2B07104280ADD5A
:103AB0000020B07107E0094A9089401E00B2908151
:103AC000012800DA95810020C8633576F8BD0449E5
:103AD0000020C863F8BD0000B4020020C804002024
:103AE0008000002010B50949401E884201D90120FC
:103AF00010BD074C60610321081F03F099FB0020F3
:103B0000A06107202061002010BD0000FFFFFF0022
:103B100000E000E010B5FFF7E1FA10BD7047704714
:103B2000F0B502462032137F012B21D001261677F3
:103B30000223537703685D689C687027BD430F6854
:103B40002F435F6000680B4B984208D0B307984240
:103B500005D0094B984202D0084B984204D18023EB
:103B60009C43496821438160567700201077F0BD5F
:103B70000220F0BD002C0140000400400040014044
:103B800070B50446002C05D025462035687F0028F6
:103B900002D006E0012070BD00202877204600F00A
:103BA00015F802206877211D206801F027FB01220B
:103BB0004034A271AA77EA7722706270A270E27034
:103BC000227162716A77002070BD000008B500683C
:103BD000094988420FD10948C26920210A43C261BC
:103BE000C06908400090002203211220FDF740FC2C
:103BF0001220FDF731FC08BD001400400010024007
:103C0000014620314A7F012A01D00120704702225B
:103C10004A770168CB6801221343CB6000680D49E5
:103C2000884208D09107884205D00B49884202D0CB
:103C30000A49884208D181684907490F062906D0F8
:103C400001681143016002E0016811430160002036
:103C500070470000002C014000040040004001407B
:103C6000704770B50446206801690025C94389077B
:103C7000002916DBC168C943890712D4E91E016116
:103C80000120207720688069800703D02046FFF755
:103C9000E7FF05E0204600F099F8204600F097F88D
:103CA000257720680169C943490718D4C168C94309
:103CB000490714D40421C9430161022020772068F8
:103CC00080698005800F03D02046FFF7C9FF05E01B
:103CD000204600F07BF8204600F079F82577206830
:103CE0000169C943090717D4C168C943090713D437
:103CF0000821C9430161042020772068C06980073A
:103D000003D02046FFF7ACFF05E0204600F05EF848
:103D1000204600F05CF8257720680169C943C90690
:103D200018D4C168C943C90614D41021C94301611C
:103D3000082020772068C0698005800F03D02046C6
:103D4000FFF78EFF05E0204600F040F8204600F027
:103D50003EF8257720680169C943C90708D1C168C1
:103D6000C943C90704D1891E0161204600F030F81B
:103D700020680169C943090609D4C168C943090615
:103D800005D48021C94301612046FFF7C7FE2068A2
:103D90000169C943490609D4C168C943490605D424
:103DA0004021C9430161204600F088F8206801697C
:103DB000C943890609D4C168C943890605D42021AD
:103DC000C94301612046FFF7AAFE70BD70477047E6
:103DD00070B500683349884263D1334C207C012898
:103DE00009D1204620308078002804D10920022102
:103DF000C006FDF7CCFAA07D2B4E002580360028AA
:103E00000AD0A07D401E40B2A075002804D1032036
:103E1000E07526487064A575E07D002806D0E07D39
:103E2000401E40B2E075002800D1E575607E002894
:103E30001BD0607E401E40B26076002815DC65769F
:103E4000E57025716571257017484030808D012817
:103E500000D1E57105F0BEFC002806D0FCF76AFF32
:103E6000802213491348FCF7A5FFE07A00280AD006
:103E7000E07A401E40B2E072002804DCE5720120C6
:103E8000207325757563B06A00280AD0B06A401E99
:103E9000B062002805DCB562012251030648FDF737
:103EA0007EFA70BD00140040000000201F4E00008C
:103EB000C802002000F80108000800487047704759
:103EC00070477047F8B504462268D0691168936856
:103ED000834D0540002D09D1860607D58E0605D5F0
:103EE000616E002901D020468847F8BD2026002DAC
:103EF0007CD0DF077B4DFF0FBC460D402F4375D0B4
:103F00002546C7078035002F06D0CF0504D50127E9
:103F100017622A683A432A60820708D5DA0706D072
:103F2000276802223A622A6804273A432A60420735
:103F300008D5DA0706D0236804221A622A68022309
:103F40001A432A6002070AD50A46324063461A43DA
:103F500005D0236808221A622B6813432B600205E0
:103F600008D54A0106D501222368D2021A622A68BE
:103F700032432A602A68002AB7D0800606D5880610
:103F800004D5616E002901D0204688472868216841
:103F90008968490602D42821084221D0204601F030
:103FA0001BFA20688168490616D5826840218A4339
:103FB0008260206F00280AD04B494163206FFDF7D3
:103FC000CDF8002891D0206F416B8847F8BD20467E
:103FD000FFF777FFF8BD09E02046FFF772FFF9E72A
:103FE0002046FFF76EFF00202860F3E7256E012DC5
:103FF00058D1C50656D5CD0654D510231362206876
:10400000816825464906403500292CDA226F11685F
:10401000496889B20029DDD02F8B8F42DAD96983B4
:104020009169202917D001681A0191430160206825
:104030008168490849008160206881684022914375
:104040008160E6670020206620680168994301606E
:10405000206FFDF763F8288B698B401A81B22046E8
:10406000FFF72DFFB6E7298B6A8B891A89B26A8B15
:10407000002AAFD00029ADD00268FF252135AA4320
:10408000026020688268520852008260E667002061
:1040900020666066206802689A4302602046FFF747
:1040A0000EFF97E7C50208D55B0206D50120000583
:1040B00010622046FFF704FF8CE7020607D50A06C8
:1040C00005D5A16E002985D02046884782E74006A5
:1040D00080D5480689D5204601F097F97AE7000097
:1040E0000F08000020010004C553000810B5044665
:1040F000002C03D0A06F002802D007E0012010BDE3
:10410000002174200155204600F028F82420A067E3
:1041100020680168490849000160204601F082F9E1
:10412000012819D0606A002802D0204601F0B0F8BA
:10413000206841680922D202914341602068816869
:104140002A229143816020680168012211430160A5
:10415000204601F003F910BD012010BD10B586B056
:104160000446142101A8FCF755F817492068884235
:1041700027D116488269012189030A438261826935
:104180000A4000924269C9000A43426140690840FE
:104190000090032040020190022002900020039032
:1041A0000320049001200590092001A9C006FDF715
:1041B00037F8002202211B20FDF75AF91B20FDF7DA
:1041C0004BF906B010BD000000380140001002405D
:1041D0007047FEE770B504463E4B3F4D002C67D05C
:1041E000702200212046FCF705FD2B467F2200218E
:1041F0002046FCF7FFFC0022012311462046FCF775
:10420000F9FC364B752200212046FCF7F3FC344BB9
:10421000762200212046FCF7EDFC012373220021C9
:104220002046FCF7E7FC0123742200212046FCF71E
:10423000E1FC8723332200212046FCF7DBFC264BE0
:104240003422553B00212046FCF7D4FC00233B22BE
:1042500001212046FCF7CEFC00234D2201212046FF
:10426000FCF7C8FC00236F2201212046FCF7C2FCAA
:104270001C4D30222B4600212046FCF7BBFC2B4670
:10428000402200212046FCF7B5FC2B46602200218D
:104290002046FCF7AFFC0023072219462046FCF716
:1042A000A9FC00237F2219462046FCF7A3FC70BD21
:1042B000702200212046FCF79DFC2B467F22002126
:1042C0002046FCF797FC0022012311462046FCF70C
:1042D00091FC96E79A780000AA5500006FB700009D
:1042E000FDDD00006587000070B5002300250FE0AC
:1042F000040F0A2C03D230345E008C5502E03734B0
:104300005E008C5500015C00641865705B1CDBB2BC
:104310009342EDD370BD000010B509480749016014
:104320000021017141714161816101210162FCF74C
:104330009FFE002801D0FCF7FBFC10BD00300240BE
:10434000E4040020F0B587B0142102A8FBF762FF57
:104350004D4842690121C9040A43426142690A4049
:1043600001924269C9000A43426142690A400192CE
:10437000426949110A43426142690A400192426915
:1043800049000A43426142690A4001924269890038
:104390000A4342614069084001903C4E0122C91124
:1043A0003046FCF7FCFF0927FF21FF0600221831E9
:1043B0003846FCF7F4FF012208213846FCF7EFFFEE
:1043C0003F21002209013046FCF7E9FF0022304975
:1043D0003048FCF7E4FF0321012209022D48FCF7D5
:1043E000DEFF2D48029001250395002404940594D6
:1043F00002A93046FCF714FF0320029027480390DF
:10440000049402A93046FCF70BFFFF2020300290F5
:1044100003950494059402A93846FCF701FF20484F
:10442000029003950494059402A91A48FCF7F8FE3B
:10443000E80302900394049502A93846FCF7F0FEC5
:104440000720800202900394049502A93046FCF7ED
:10445000E7FE042002900394049502A91148FCF79A
:10446000DFFEF82002900394049502A90948FCF7A6
:10447000D7FE002202210520FCF7FAFF0520FCF7F9
:10448000EBFF07B0F0BD000000100240000800483C
:1044900007F8000000040048F0230000000011109D
:1044A00007FB0000000C004800B587B0142102A8EB
:1044B000FBF7B0FE002101910A48094A0260416001
:1044C0007F228260FF22C260016141618161FEF74B
:1044D000ADF8002801D0FCF72BFC07B000BD0000B0
:1044E000002800400805002010B511480F49016060
:1044F000FF21053141600021816007221202C26064
:10450000016141610122520282612822C26101627D
:10451000416281620722C26201634163FEF772FA5F
:10452000002801D0FCF704FC10BD00000030014061
:104530002805002010B511480F490160FF21053101
:1045400041600021816007221202C2600161416165
:104550000122520282612822C261016241628162AB
:104560000722C26201634163FEF74CFA002801D0C2
:10457000FCF7DEFB10BD0000003800408C05002079
:104580001CB50024009401940E480D4901600E49A9
:10459000416084600D49C16080218161FFF7F0FABC
:1045A000002801D0FCF7C4FB00940194694605483B
:1045B000FFF7B6FA002801D0FCF7BAFB1CBD0000DB
:1045C00000140040F0050020ED020000FFF900009B
:1045D00010B50C480A4901604B21C9014160002116
:1045E0008160C16001610C2242618161C16101622F
:1045F0004162FFF77BFD002801D0FCF799FB10BD5D
:10460000003801403806002010B500220F4910483C
:1046100001F00EFC002801D0FCF78AFB0D490C4884
:1046200001F00DFE002801D0FCF782FB0A49084882
:1046300001F02AF9002801D0FCF77AFB044801F0C8
:10464000AEFE002801D0FCF773FB10BDF80000207F
:10465000BC0600204402002048010020FEE70000C4
:10466000FEB5044620462030029073E18A88160782
:10467000360F002E39D0B1000191415A00910099B6
:1046800009047DD50199415AB74A1140802211434E
:10469000019A8152282070430519FF356935287B1E
:1046A00000286ED0E87802286CD02978206889002C
:1046B000425AAE4B1A40AE4B1A43425229782068F8
:1046C0008A00825A52047DD55022125ACB00A94941
:1046D00012185918515A8F05BF0D002F04D02A897E
:1046E0003B46696902F0F3FCDEE0D2062ED4018875
:1046F0009E4A803A11400122D2031143018025468F
:10470000283520685021095A09182878C20099488C
:104710001018085A8005800DE861696908186861F9
:1047200000212046FCF7DCFE0298007900289CD08E
:10473000A869002899D1029800798021084321684E
:104740004031888102990020087103E12546FF3538
:1047500069350288130520D5098A09182878C2000E
:104760008448001D1018085A83059B0DEB612B210E
:104770000901EA886118206802F0A9FC206802E0BB
:10478000A7E065E078E00188774A11408022114374
:1047900001802046FDF7D1FADCE01104D5D501886F
:1047A000714A114080221143018020685021095A2A
:1047B000704E08182978361DC9008919405A80059D
:1047C000800D00E05FE0E86100280FD069690029F2
:1047D0000CD083B2EA88206802F079FCE969686944
:1047E0004018686100212046FCF786FE20685021B1
:1047F000095A081880192969002908D03E2910D8BB
:104800004A08C90700D0521C9102018012E00188B9
:10481000594A1140018001880122D20311430180CD
:1048200008E04A09C90600D1521E91020122D203B2
:104830001143018020680188504A1140012212036F
:104840005140520051404A4A403A1143018081E0B0
:1048500020685021095A0A182978CB004549091DBA
:104860005918515A8F05BF0D002F1DD0EA883B46BD
:10487000696902F02CFC17E029462046009AFCF7F3
:1048800095FE074610E05022CB00125A3949121803
:10489000091D5918515A8F05BF0D002F04D06A8980
:1048A0003B46696902F013FCE869C019E861686970
:1048B000C0196861A869002802D02869B84204D9E3
:1048C00029782046FCF718FE03E02946206802F00C
:1048D0000FF9009800063DD52820464331192831AC
:1048E0002068019A825A214B803B1A400123DB0346
:1048F0001A43019BC252C878022802D10098C00511
:1049000024D420685022125A12180878C30019487B
:104910001818105A8005800D8A69824202D9121A2D
:104920008A6101E000228A618A69002A09D04A6905
:1049300012184A61CA691018C861206802F0D8F8D4
:1049400008E009782046FCF7CBFD03E02046009AFA
:10495000FCF7A6FE2068014640318A88120400D583
:1049600084E60020FEBD00008F0F00008F8F000046
:10497000C080000002040000FF8300008FBF000021
:10498000704701090A2251430007000F4018C0B2C6
:104990007047002102E0491C0A38C0B20A28FAD246
:1049A0000907090E0843704770B505462868C168B5
:1049B000490613D40021C943C160FCF7F7FC044643
:1049C0007D26F60006E0FCF7F1FC001BB04201D9A1
:1049D000032070BD2868C0684006F4D5002070BD73
:1049E000F0B5FE48FE4C0178618161890902618160
:1049F000417862891143618181786183618B090209
:104A00006183C178628B114361830179A181A1899E
:104A10000902A1814179A2891143A1818179A183F0
:104A2000A18B0902A183C179A28B1143A183017AD1
:104A3000E181E1890902E181417AE2891143E18161
:104A4000817AE183E18B0902E183C17AE28B114330
:104A5000E183017B2182218A09022182417B228A12
:104A600011432182817B2184218C09022184C17B15
:104A7000228C11432184017C6185618D090261854D
:104A8000417C628D11436185817CA185A18D0902E4
:104A9000A185C17CA28D1143A185017D6186618EB6
:104AA00009026186417D628E11436186817DA18606
:104AB000A18E0902A186C17DA28E1143A186017E2D
:104AC0002187218F09022187417E228F114321876F
:104AD000817E6187618F09026187C17E628F114388
:104AE00061872146027F40310A800A8812020A80CB
:104AF000427F0B881A430A80827F4A804A881202CA
:104B00004A80C07F4A8810434880B44820300278E9
:104B10000A810A8912020A8142780B891A430A81A2
:104B200082784A814A8912024A81C2784B891A43A3
:104B30004A81AC4D01796980698809026980698878
:104B40004279114369808179298029880902298065
:104B50002988C27911432980017A6981698909020A
:104B600069816989427A11436981817A2981298918
:104B7000090229812989C27A11432981017BA980EF
:104B8000A9880902A980A988427B1143A980817B59
:104B9000E980E9880902E980E988C27B1143E9805C
:104BA000017CA981A9890902A981A989407C0143C5
:104BB000A9810A20205EDC2803DC0A20205E9628DA
:104BC00001DAC82060811A20205EFF211931884255
:104BD00003DC1A20205EEB2801DAF02060830C2031
:104BE000205EDC2806DC0C21615E0A20205E401D70
:104BF000814202DA6089401DA0811C21615E1A2079
:104C0000205E401F814203DC1C20205EDC2802DA8B
:104C1000608B401FA0830E21615E4B20C0000022EC
:104C2000814203DC0E21615E002900DAE2811E214F
:104C3000615E814203DC1E21615E002900DAE283AD
:104C40001023E35E0521834203DC1023E35E002B87
:104C500000DA21822023E35E834203DC2020205EF1
:104C6000002800DA2184A08D012800D9A285A38E16
:104C70000120012B01D8A38E00E0A086A78E584EFC
:104C80000223203E002F05D0678D022F05D96085B5
:104C9000F07011E06085F0700EE0678D012F06D096
:104CA000678D022F05D0678D002F04D004E0F070CF
:104CB00002E0F37000E0F2703826A65F462E03DCB7
:104CC0003826A65F282E01DA2F2626873A26A65FE9
:104CD000462E03DC3A26A65F282E01DA30266687A8
:104CE0003F4E40360027F75F462F03DC0027F75F73
:104CF000322F01DA352737800227F75F462F03DC92
:104D00000227F75F322F01DA342777800827F75F11
:104D10003C2F03DC0827F75F002F00DA31810A27D8
:104D2000F75F3C2F03DC0A27F75F002F00DA718161
:104D30000227EF5F012F03DC0227EF5F002F00DA6D
:104D40006A800022AA5E022A03DC0022AA5E002AF0
:104D500000DA2B800A22AA5E1F2A03DC0A22AA5E3E
:104D6000012A00DA68810820285E072803DC082071
:104D7000285E012801DA072028810420285E1728F0
:104D800003DC0420285E002801DA0820A8800C201B
:104D9000285EFF226932904203DC0C20285E012845
:104DA00000DAA981608981B20020FBF7B1FFA089F8
:104DB00081B20420FBF7ACFFE08981B20820FBF749
:104DC000A7FF208A81B20C20FBF7A2FF608B81B283
:104DD0000220FBF79DFFA08B81B205E000F80108DF
:104DE00040000020C80400200620FBF791FFE08B64
:104DF00081B20A20FBF78CFF208C81B20E20FBF7DA
:104E000087FF618D1020FBF783FFA18D1220FBF738
:104E10007FFF618E1420FBF77BFFA18E1620FBF72E
:104E200077FF208F81B21820FBF772FF608F81B26D
:104E30001A20FBF76DFF308881B21C20FBF768FF5A
:104E4000708881B21E20FBF763FF308981B2202079
:104E5000FBF75EFF708981B22220FBF759FF69885A
:104E60002420FBF755FF29882620FBF751FF69898D
:104E70002820FBF74DFF29892A20FBF749FFA98845
:104E80002C20FBF745FFE9882E20FBF741FFA9897D
:104E90003020FBF73DFFF0BD10B50248FDF734FDB3
:104EA00010BD00002805002010B50248FDF72CFDBC
:104EB00010BD00008C05002010B5406A002146227C
:104EC0001152C187FDF71EFD10BDF7B582B0044633
:104ED0001546FF2660680536B0420CD10121A06856
:104EE000C903884202D04911884204D12068016870
:104EF0004022914301600095002280212046039BBF
:104F000000F0BCF82027002805D0206E384320662A
:104F1000032005B0F0BD6068B04216D10121A06841
:104F2000C903884202D0491188420ED1032100955D
:104F3000002249022046039B00F03CF8002804D0E0
:104F4000206E384320660320E3E70020E1E7F8B550
:104F500004460F46154603213B460022C90220465F
:104F6000009500F027F82026002804D0206E30435A
:104F700020660320F8BD3B46002280212046009594
:104F800000F07CF8002804D0206E30432066032017
:104F9000F8BD03213B46002249022046009500F05F
:104FA00009F8002804D0206E304320660320F8BDA5
:104FB0000020F8BDFFB583B004460E4617460C9D91
:104FC000FCF7F4F9411B0698451AFCF7EFF901903C
:104FD0002948232100684843000D6843029044E0BB
:104FE000032149028E4202D1002F00D1007B069896
:104FF000401C3AD0FCF7DAF90199401AA84205D2D0
:10500000002D03D0029800282BD02BE020684168A7
:10501000E022914341606068C11FFD390CD101213C
:10502000A068C903884202D04911884204D120688F
:1050300001684022914301600121A06A490388422E
:1050400007D1206802688A430260206802680A4328
:10505000026001204034607700202077032007B0F1
:10506000F0BD00250298401E029020688168314002
:10507000B942B5D10020F2E764010020FFB581B04C
:1050800004461E460A9DFCF791F9401B351AFCF7B1
:105090008DF90746274800684001000D68430090DD
:1050A0003BE0701C39D0FCF781F9C01BA84205D247
:1050B000002D03D0009800282BD02BE020684168F9
:1050C000E022914341606068C11FFD390CD101218C
:1050D000A068C903884202D04911884204D12068DF
:1050E00001684022914301600121A06A490388427E
:1050F00007D1206802688A430260206802680A4378
:10510000026001204034607700202077032005B042
:10511000F0BD00250098401E00902068816802982C
:10512000884305D0002003998842BAD10020EEE7D9
:105130000120F8E764010020704710B5FCF73CF946
:10514000FEF7E8FC10BD10B500F002F810BD00003D
:1051500030B599B034210CA8FBF75CF80024089412
:1051600009940A940B941C2101A8FBF753F8FCF74F
:1051700019FE1B48016A18221143016225200C9078
:1051800001200D900E9014900225159500041690A4
:105190000001179018940CA8FCF7A8FF002801D074
:1051A000FBF7C6FD0720089009950A940B9401218E
:1051B00008A8FCF791FE002801D0FBF7B9FD0948CB
:1051C00001900394FF2001300290079401A8FCF79E
:1051D000F1FD002801D0FBF7ABFD19B030BD000098
:1051E00000100240010003007047000010B50248A3
:1051F000FEF737FD10BD0000F0050020F0B5026895
:105200001D4B0124A4071D4D984203D0A04201D09C
:10521000A84203D17026B2434E683243184E194F4C
:1052200098420DD0A0420BD0A84209D0164CA04203
:1052300006D0B04204D0B84202D0144CA04204D1EF
:1052400003242402A243CC6822438024A2434C6955
:10525000224302608A68C2620A688262984206D06B
:10526000B04204D0B84202D0084A904201D1096944
:10527000016301214161F0BD002C014000040040A8
:10528000004001400044014000200040004801402F
:1052900010B5818CC90707D001684A6801235B04F7
:1052A0009A43836A1A434A60818C890707D501684B
:1052B0004A6801231B049A43C36A1A434A60818CDB
:1052C000490707D501684A6801239B049A43036B89
:1052D0001A434A60818C090707D501684A6801238F
:1052E000DB039A43436B1A434A60818CC90607D596
:1052F00001688A6801231B039A43836B1A438A60FF
:10530000818C890607D501688A6801235B039A436B
:10531000C36B1A438A60818C490612D501684B68B9
:1053200001221205046C934323434B60016C9142AC
:1053300007D101684A6803235B059A43436C1A430B
:105340004A60818C090607D501684A680123DB049D
:10535000806C9A4302434A6010BD0000F8B50446D1
:10536000002580200551FCF721F8074620680068D9
:10537000134E00070BD501213B460022490520466C
:10538000009600F01BF9002801D00320F8BD20682A
:10539000006840070BD501213B46002289052046C5
:1053A000009600F00BF9002801D00320F8BD202062
:1053B000A067E0672566603425750020F8BD000011
:1053C000FFFFFF0110B5406A0022014640314A83C9
:1053D0004A82FEF776FD10BD01680A68FF2321337B
:1053E0009A430A6001688A68520852008A60016E16
:1053F000012904D101680A6810239A430A60202118
:10540000C167002101664166704710B501680A68EE
:1054100040239A430A602021816700218166FEF7BC
:10542000D7FE10BD70B504460025A1682069E26969
:10543000014360691043014320680268574B1A40DA
:105440000A43026020684168032212039143E26824
:1054500011434160A069216A0143206882680B23DF
:105460001B029A430A4382604D4A20684D4990428C
:1054700013D1086B8007800F07D0012809D00228BC
:1054800009D0032803D010202CE000202AE00220BD
:1054900028E0042026E0082024E0434A904216D168
:1054A000086B0321090408400BD001210904401AAC
:1054B00009D0401A09D0884201D1022012E0102000
:1054C00010E000200EE004200CE008200AE037493C
:1054D000884201D1002005E03549884201D10020F1
:1054E00000E010200122E369D2033249324E934298
:1054F0002BD100281DD002281FD004281FD0082837
:1055000001D000220125002A43D0616850004A08DA
:105510008018FAF7EDFD80B201461039B14212D879
:105520002549491C01400007420F0A432068C26018
:105530002FE0FCF76DFD0246E5E70A46E3E7FCF7DE
:1055400077FD0246DFE7012523E0002816D0022878
:1055500018D0042818D0082801D000220125002ADC
:1055600017D0616848088018FAF7C2FD80B201467A
:105570001039B1420CD82168C8600AE0FCF748FD38
:105580000246ECE70A46EAE7FCF752FD0246E6E788
:10559000012500206066A066284670BDF369FFEF14
:1055A0000038014000100240004400400048004024
:1055B000004C004000127A00EFFF0000FFB581B000
:1055C0000A9D04460F46264660363CE0681C3AD0E9
:1055D000FBF7ECFE0499401AA84222D8002D20D0F7
:1055E0002068016849072ED5C069C04300052AD448
:1055F00001202168C002086220680168FF22A132F0
:105600009143016020688168490849008160202039
:10561000A067E0678034206000203075032005B06B
:10562000F0BD20680168FF22A1329143016020682B
:1056300081684908490081602020A067E067002058
:1056400030750320EBE72068C1693846884305D0F0
:10565000002003998842B9D00020E0E70120F8E754
:1056600010B50248FEF72EFC10BD000038060020E1
:10567000F8B506460D460520C0013018846B016C54
:10568000002C1DD0142068438719F869002807D022
:1056900028226A435118896BFAF72AFD002906D09F
:1056A000FF340020FF34023460610020F8BD002088
:1056B000F86100231A462946304600F0A2FDF4E7BF
:1056C0000220F8BD70B50522D2018518AC6B00F040
:1056D0008AFCE21DFF32FA32D060A86B002808D0A5
:1056E000E96B5068CA6883218900611890470020DF
:1056F00070BD022070BD70B5044600268121204691
:1057000000F0B7FB0025E5620121204600F0B1FB67
:10571000FF206D3005518221204600F0AAFB256450
:105720000520C0012418A06B002806D0E06B40685B
:105730008047A06B00F099FFA563304670BD10B59F
:105740000521C9014018816BC36B002B0AD0CC1D09
:10575000FF34FA342078FF2804D09B686278984799
:10576000FF202070002010BD0A21018000487047F2
:105770006C0100204321018000487047BC010020DB
:1057800043210180004870477801002043210180B7
:105790000048704700020020F8B504460026207C2F
:1057A000E51DF9350127002833D04023022281214D
:1057B000204600F075FCE7624023022201212046CA
:1057C00000F06EFCEF66082303228221204600F0E1
:1057D00067FC27648720800000F048FF0521C9018D
:1057E00061188863002825D00546C86B006880478B
:1057F000FF350020FF3502356861A861207C002854
:105800001AD04023012120466A6800F056FC304639
:10581000F8BD01235B0202228121204600F040FCFA
:10582000E76201235B0202220121204600F038FCDE
:10583000EF66C8E70126EAE701235B020121204663
:105840006A6800F03AFCE2E710B50521C901411889
:10585000896B002916D0027C002A09D0FF31FF3164
:1058600002314A684023012100F027FC002010BDCE
:10587000FF31FF31023101234A685B02012100F050
:105880001CFCF3E7022010BD02460220002904D0D0
:105890000520C0011018C163002070470522D20105
:1058A0008018806BFF30FF3002304160002070476D
:1058B0000523DB01C018806BFF30FF3002308160B0
:1058C000026100207047FEB507460C460520C00166
:1058D00039188E6B002001900090002520786022FE
:1058E000034610402CD0202806D02146384600F030
:1058F0008AF802252846FEBDE288002A19D018063B
:105900000AD5C96B60788B6831469847E288314682
:10591000384600F0A0F8EDE7F01DFF306178FA306E
:105920000170A1794170E2883146384600F076F87E
:10593000E0E7C96B60788B68002221469847D9E779
:105940006078002809D00A2816D00B2823D02146D9
:10595000384600F058F80225CCE7087F032805D028
:105960002146384600F04FF80225C3E70222694677
:10597000384600F070F8BDE7087F032805D02146BF
:10598000384600F040F80225B4E7012201A9384664
:1059900000F061F8AEE7087F0328ABD02146384617
:1059A00000F031F80225A5E710B50522D2018218D2
:1059B000526B52689047002010BD10B50522D201ED
:1059C00083181A7F012A06D0022A04D0032A02D0A3
:1059D00000F019F810BD49880129FBD10021596256
:1059E00000F048F810BD10B513460A46002100F03B
:1059F00064FB002010BD10B513460A46002100F0DC
:105A000000FC002010BD10B504468021204600F0A7
:105A1000DBFB0021204600F0D7FB10BD10B50524AC
:105A20000323E40104196361C31DF933DA651A66BF
:105A300013460A46002100F040FB002010BD10B5BF
:105A40000521CA018218516100231A46194600F047
:105A500034FB002010BD10B505240223E401041915
:105A60006361C261026213460A46002100F0C9FB6D
:105A7000002010BD10B505220421D2018218516109
:105A800000231A46194600F0BCFB002010BD0000A0
:105A900010B5002806D00A46054906A000F098F97E
:105AA000034810BD0A46024902A000F091F9F7E749
:105AB0008009002043444320436F6E6669670000FD
:105AC00012200880004870471801002010B50028F7
:105AD00006D00A46054906A000F07AF9034810BD31
:105AE0000A46024902A000F073F9F7E78009002096
:105AF00043444320496E746572666163650000002B
:105B000004200880004870471401002010B50A46A0
:105B1000024903A000F05CF9004810BD8009002094
:105B200045535020546563686E6F6C6F6769657389
:105B30000000000010B5002806D00A46054906A05E
:105B400000F046F9034810BD0A46024902A000F0E1
:105B50003FF9F7E78009002053544D33322056694E
:105B6000727475616C20436F6D506F727400000029
:105B700010B51A200880FBF735FA014810BD000067
:105B80002C01002010B50A46D188012903D0114606
:105B9000FFF739FF10BD0521C9014118097F01290F
:105BA00007D0022905D003290BD01146FFF72BFFA0
:105BB00010BD00218160014601220831FFF74BFF33
:105BC00010BD0122011DFFF746FF10BDF8B50546C7
:105BD0000F460020009000260024798805200A0A3C
:105BE000C0012818130001F000FB08A8050D20A82B
:105BF000A88897A8006B2A7C0368694610469847D6
:105C000006469FE0297C002907D0406BC16A6846A0
:105C1000884706460220707094E0406B816A6846AF
:105C200088470646022171708CE0C9B20B0001F072
:105C3000DCFA0604132231404F5E006B4268002AF2
:105C400004D0287C6946904706467BE039462846C2
:105C5000FFF7D9FE012475E0006B8268002A04D0AA
:105C6000287C6946904706466CE039462846FFF78F
:105C7000CAFE012466E0006BC268002A04D0287CBA
:105C80006946904706465DE039462846FFF7BBFE69
:105C9000012457E0006B0269002A04D0287C694681
:105CA000904706464EE039462846FFF7ACFE0124F1
:105CB00048E0006B4269002A04D0287C694690477E
:105CC00006463FE039462846FFF79DFE012439E0AD
:105CD000006B8269002A04D0287C694690470646FA
:105CE00030E039462846FFF78EFE01242AE0394687
:105CF0002846FFF788FE012424E0297C002905D0EE
:105D000039462846FFF77FFE01241BE0406B416BBC
:105D100068468847064615E0297C002905D03946A3
:105D20002846FFF770FE01240CE0406B016B6846CB
:105D3000884706460721717004E039462846FFF778
:105D400062FE0124002C14D16846008800280AD085
:105D5000FA88002A07D0824200D9024600923146D2
:105D60002846FFF778FEF888002802D12846FFF77A
:105D700081FEF8BD002102E0491CC9B2401C027836
:105D8000002AF9D10846704710B50A460521C90115
:105D90004318197F012907D0022905D0032903D010
:105DA0001146FFF730FE10BDD188022903D01146FD
:105DB000FFF729FE10BD0121C160596A002901D0F9
:105DC0000321C160014602220C31FFF744FE10BDE1
:105DD00070B504460D461646002C16D02046FFF737
:105DE000C9FF4000801C30803078287003210220D9
:105DF0006970002306E0411CC9B22A54641C481C87
:105E0000C0B26B542278002AF5D170BD0146002043
:105E1000002906D0012905D0022905D0032905D083
:105E2000022070470220704701207047022070470F
:105E300010B5002811D00523DB01C3185C6B002CC2
:105E400001D000245C63002900D019630121197777
:105E5000027000F0D1F8002010BD022010BD10B576
:105E60000522D2018018006CFBF776FBFFF7CEFF0E
:105E700010BD10B50522D2018018006CFBF74AFB5B
:105E8000FFF7C4FF10BDF8B50646084611460522C7
:105E9000D201B418002808D0616B4A69002A02D0E8
:105EA000217F032957D00220F8BD3546143560699B
:105EB000022804D004283ED000283CD03FE02F69BF
:105EC000E868B8420CD9C01BE86082B23046FFF7E0
:105ED00092FD00231A461946304600F0EEF82EE0F7
:105EE000AD6839462846FAF703F9002912D1BD42B8
:105EF00010D3A06985420DD2002211463046FFF72B
:105F00007AFD0020A06100231A461946304600F0B1
:105F1000D4F814E0606BC168002904D0207F032806
:105F200001D1304688478021304600F04DF9304697
:105F3000FFF785FD03E08021304600F045F915208C
:105F4000400131180878012808D1304600F082F964
:105F50000020087002E00146304690470020F8BD5E
:105F600070B50546084611460522D201AB18002837
:105F700008D0596B8A69002A02D0197F03292DD0D5
:105F8000022070BD2C46FF3455345869032802D0D6
:105F900005281CD025E0E268206982420AD9131A3C
:105FA000E3602069834200D303469AB22846FFF794
:105FB0001AFD16E0586B0169002904D0187F0328E8
:105FC00001D1284688472846FFF754FD09E0002004
:105FD00058610021284600F0F7F802E00146284603
:105FE0009047002070BD10B50522D2018018006CCA
:105FF000FBF790FC10BD000010B51D490867052295
:10600000D2011C49841821641B480860082048609C
:1060100002208860086100208861C8610862084623
:10602000FBF7D2FD002801D0FAF782FE00221823E8
:106030001146206CFBF737FA582300228021206C90
:10604000FBF731FAC02300228121206CFBF72BFAE9
:10605000FF23113300220121206CFBF724FAFF23D8
:10606000013300228221206CFBF71DFA002010BDB5
:10607000F017002070150020005C0040CA09490696
:10608000490E282359431B01C018006C0818002A28
:1060900002D02030807A7047FF306130807A7047BC
:1060A00010B514461A460523DB01C018006C2346C0
:1060B000FBF739FCFFF7AAFE10BD10B50524E4017B
:1060C0000019006CFBF759FCFFF7A0FE10BD70B57E
:1060D00004460022402311462046FFF7E1FF012538
:1060E000E01DF93085654026466640230022802168
:1060F0002046FFF7D5FFA56166620520C001201884
:1061000005770021416161604162816B002904D003
:10611000406B0021426820469047002070BD052159
:10612000C9014018017F042901D1417F0177002076
:10613000704710B50521C90141180A7F032A04D10F
:10614000496BC969002900D08847002010BD01743F
:106150000020704710B50522D2018018006CFBF7B3
:10616000D9FDFFF753FE10BD70B505465520C000A0
:106170002818044600F04FF805200121C001281816
:106180004161C18D8161152040012818017AC8063E
:10619000C00E0AD001280DD0022810D0C909C901AB
:1061A000284600F011F8002070BD2146284600F076
:1061B000FBF8F8E72146284600F021FAF3E72146EC
:1061C000284600F028F9EEE710B50522D201801824
:1061D000006CFBF7ECFBFFF719FE10BD10B50521B5
:1061E000C9014018006CFBF7B4FDFFF70FFE10BDAE
:1061F0000521C9014018017F417704210177002062
:10620000704710B50524E4010019006CFBF7F9FB99
:10621000FFF7FCFD10BD0A7802704A784270CB7817
:106220008A781B02D21842804B790A791B02D21855
:1062300082808A79C97909025118C1807047024663
:106240000020002904D00523DB01D21851637047D8
:10625000022070470020704770B5064688880028E5
:1062600021D1C88800281ED1488880281BD2450625
:106270006D0E0520C0013418207F03280CD0A577AF
:1062800029463046FFF766FF3046FFF7F3FB002D47
:1062900006D00220207770BD3046FFF7B4FB70BDFA
:1062A0000120207770BD3046FFF7ADFB70BD10B503
:1062B00002240522D2018218526B002A04D01268EF
:1062C0009047002800D10024204610BD70B5044638
:1062D0000E462C4DB1782970012904D9314620464B
:1062E000FFF791FB70BD0520C0012018027F022A34
:1062F0000AD0032A1FD031462046FFF784FB2978B5
:106300002046FFF751FB70BD002910D061600322C9
:1063100002772046FFF7CBFF022803D02046FFF785
:10632000A9FB70BD31462046FFF76DFB70BD2046CE
:10633000FFF7A0FB70BD002911D0606888421DD016
:10634000C1B22046FFF730FB297861602046FFF795
:10635000AEFF02280DD02046FFF78CFB70BD022255
:10636000027761602046FFF71FFB2046FFF782FBA4
:1063700070BD31462046FFF746FB70BD2046FFF753
:1063800079FB70BD6801002010B54988012905D14D
:106390000522D20182185162FFF76CFB10BD10B5C7
:1063A000FFF71CFF002010BD10B500240A78602301
:1063B0001A400ED0202A05D0402A03D0FFF723FB35
:1063C000204610BD0522D2018218526B9268904778
:1063D000F6E74A78130000F008FF0A12181B151B95
:1063E00009061B0F0C1BFFF7F1FBE9E7FFF734FF72
:1063F000E6E7FFF76BFFE3E7FFF7C4FBE0E7FFF734
:10640000C3FCDDE7FFF7C0FFDAE7FFF7D6FAD7E70F
:10641000FFF7F9FAD4E7F8B50446084600270179F2
:10642000037860221D4613400522D201A218002BDA
:106430000FD0202B07D0402B05D001462046FFF778
:10644000E2FA3846F8BD516B8A680146204690470B
:10645000F7E76B069B0F012B0BD04378002B61D025
:10646000012B38D0032B0AD001462046FFF7CBFA88
:10647000E7E7516B8A68014620469047F8BD127FD6
:10648000022A06D0032A15D001462046FFF7BBFAA0
:10649000D7E7002909D0802907D02046FFF794FECE
:1064A00080212046FFF790FECBE701462046FFF70C
:1064B000AAFAC6E74288002A09D1002907D0802914
:1064C00005D0C088002802D12046FFF77DFE204677
:1064D000FFF7D0FAB5E7127F022A06D0032A15D0BB
:1064E00001462046FFF78FFAABE7002909D0802943
:1064F00007D02046FFF768FE80212046FFF764FEA4
:106500009FE701462046FFF77EFA9AE74088002879
:1065100097D1480602D02046FFF7A1FC2046FFF79E
:10652000A9FA8EE7127F0026022A06D0032A23D07A
:1065300001462046FFF767FA83E7002906D0802945
:1065400004D001462046FFF75EFA7AE7C80906D074
:106550004806400E142148430119143106E048064C
:10656000400E142148430119FF3155310E600222BB
:106570002046FFF770FA64E7CA090CD00A07120F29
:1065800014235A4312199269002A0ED1014620465B
:10659000FFF739FA55E70A07120F14235A43121965
:1065A000FF320132926D002A08D0C8090BD048068C
:1065B000400E14225043051914350BE001462046C5
:1065C000FFF721FA3DE74806400E14225043051913
:1065D000FF355535002909D0802907D02046FFF71F
:1065E0004DFD002804D00120286002E02E6000E06C
:1065F0002E60022229462046FFF72DFA21E770B5CA
:1066000005460C4622786020024009D0202A07D097
:10661000402A05D021462846FFF7F5F9002070BD35
:106620000520C0012818027F012A08D0022A06D0BE
:10663000032A04D021462846FFF7E5F9EEE7217941
:1066400001290DD8406B2146826828469047E18891
:106650000029E3D10028E1D12846FFF70BFADDE756
:1066600021462846FFF7CFF9D8E770470048704722
:1066700050130020F0B5002294460A789400025B83
:106680008F4B1A40CB78002B5DD0012B63D0022BAF
:1066900003D0032B5BD001239C468A4B1A43025341
:1066A0000A789500465B884C264016431E434653A5
:1066B000854D0E7B024630354032002E4FD00E788D
:1066C000B700C65BBE462640804F3E437746C65362
:1066D000168A36180F78FF00BF190126B602BE19B8
:1066E0000F897F087F003780128A12180E78F60013
:1066F000B6185A11B2184E897608760016804A7874
:10670000002A7AD00A789200865A760404D5865AEE
:1067100026406F4F3E4386520A789200865A76068C
:1067200005D5865A2640674C403426438652CA789F
:10673000012A7DD00A789200845A2C4020256C4092
:106740001C438452B2E001235B021A43A5E70323F2
:106750005B021A43A1E701239B021A439DE74E788F
:10676000002E29D0128A12180E78F600B6180122CF
:106770009202B218CE887608760016800A789200C7
:10678000865A760605D5865A26404E4C4034264316
:106790008652CA78012A08D009788900425A2A40CC
:1067A000202462401A43425288E009788900425A04
:1067B0002A401A43425281E0158A2D180E78F600BD
:1067C0007619444D7519CE88760876002E80128A87
:1067D00012180D78ED00AA183E4DAD1C5219012774
:1067E0000D69FF03002D09D03E2D0FD86E08ED076F
:1067F00000D0761CB50215800FE028E01588364ED3
:106800003540158015883D43158006E06E09ED067C
:1068100000D1761EB5023D4315800A789200855A54
:106820006D0404D5855A2540294C2543855200E046
:1068300036E009788900425A254CF13C2240012477
:1068400024036240640062401A43425236E00A78F0
:106850009200865A760404D5865A26401C4F3E4341
:1068600086520A789200865A760605D5865A2640C0
:10687000144C4034264386520A789200845A144EAF
:10688000F13E3440012636037440760074401C43C8
:10689000845209788900425A2A401A4342520DE034
:1068A0000A789200845A2C401C438452097889004B
:1068B000425A074CF13C22401A4342526046F0BD16
:1068C0008F890000808000008F8F00008081000091
:1068D00080C0000004040000FF830000F0B50A78C7
:1068E0000F7B414D4C78414E414B9200002F2BD0F5
:1068F000002C4DD0845A640403D5845A1C40344380
:1069000084520A789200845A640605D5845A1C4041
:10691000354F40373C4384520A789200845A1C40D9
:10692000344384520A789200835A314C30342340E5
:106930002B43835209788900425A2C4BF13B1A4071
:106940002A4342520020F0BD002C11D0845A640624
:1069500005D5845A1C40244B40331C43845209788B
:106960008900425A224B30331A402A434252E9E707
:10697000845A640403D5845A1C40344384520978F1
:106980008900425A194BF13B1A402A434252D9E737
:10699000845A640403D5845A1C40344384520A78D0
:1069A0009200845A640605D5845A1C400E4E403627
:1069B000344384520A789200845A1C400A4B403374
:1069C0001C4384520A789200835A084CF13C2340BD
:1069D0002B43835209788900425A054B30331A40C1
:1069E0002A434252AEE700008080000080C00000D1
:1069F0008F8F00004030018B0122D20311430183AD
:106A000000207047012140300180002101808180F9
:106A100001820020704700000349403002888A4309
:106A2000028000207047000080BF000030B50A7B64
:106A3000002A34D14A781B4C1B4B002A18D00A7804
:106A40009200855A6D0605D5855A2540164C40346E
:106A500025438552CA78012A21D009788900425AF3
:106A6000104C30342240202462401A43425216E037
:106A70000A789200855A6D0404D5855A25400B4C3E
:106A80002543855209788900425A084CF13C22403E
:106A9000012424036240640062401A4342520020F1
:106AA00030BD00008F8F00008080000080C000009B
:106AB00010B54A7809780B4B8900002A07D0425A52
:106AC000094C2240102462401A43425207E0425AC5
:106AD000064C22400124240362401A434252002003
:106AE00010BD000080800000BF8F00008FBF00003D
:106AF000F0B506460C4662783746217B4037012ABE
:106B000008D000297ED0E07802287CD001287BD0F4
:106B10000120F0BDA5692069854200D905460029FC
:106B200010D0E17802291DD020788100715A4906E1
:106B30006BD5398A8919C0004118F84808180580B2
:106B400062894EE1ABB2E2883046616900F0DCFA5E
:106B5000388A80192178C9000918F048001F0818E0
:106B600005805BE1216A814272D920788000315A28
:106B7000EB4A1140EB4A11433152206A401B20621C
:106B800020788100715A490677D56178002902D0B2
:106B9000012925D02BE0398A8919C0004118DF4826
:106BA0000818002D08D03E2D10D86908EA0700D03B
:106BB000491C890201801AE00188DB4A11400180EA
:106BC00001880122D2031143018010E06909EA061D
:106BD00000D1491E89020122D2031143018006E03F
:106BE0003A8A9119C0004118CC480818058062897A
:106BF000ABB23046616900F087FA606940196061A4
:106C0000216903E018E147E1CBE1E1E0206A884235
:106C100002D9401B206202E0054600202062607815
:106C2000002802D0012829D031E0388A8019217843
:106C3000C9000918B948001F0818002D09D03E2DB9
:106C400011D86908EA0700D0491C890201801EE0BA
:106C5000A6E00188B44A1140018001880122D203D4
:106C60001143018013E06909EA0600D1491E890237
:106C70000122D2031143018009E00FE0388A801914
:106C80002178C9000918A548001F08180580228925
:106C9000ABB23046616900F037FABFE06178002995
:106CA00002D0012926D02DE0398A8919C000411867
:106CB0009A48001F0818002D08D03E2D10D86908EA
:106CC000EA0700D0491C890201801BE00188964A2E
:106CD0001140018001880122D2031143018011E09B
:106CE0006909EA0600D1491E89020122D203114333
:106CF000018007E0398A8919C00041188748001FC0
:106D0000081805802289ABB23046616900F0FCF9B1
:106D10006069401960612169206A884202D9401B7C
:106D2000206202E00546002020626078002802D040
:106D3000012826D02DE0388A80192178C900091849
:106D400076480818002D08D03E2D10D86908EA07AB
:106D500000D0491C890201801BE00188724A114061
:106D6000018001880122D2031143018011E06909E9
:106D7000EA0600D1491E89020122D2031143018093
:106D800007E0398A88192178C9000918634808186A
:106D900005806289ABB23046616900F0B5F93DE02B
:106DA00020788000325A614B1A40614B1A433252AC
:106DB000388A80192278D20012185848001F1018FB
:106DC0008BB2038022893046616900F09DF925E08D
:106DD000398A8919C00041185048001F08180580D9
:106DE0002289ABB23046616900F08EF960780028E4
:106DF00002D001280AD011E020788000315A484A98
:106E000011404B4A40321143315207E02078800054
:106E1000315A434A1140474A114331522078800089
:106E2000315A3F4A30321140102251402022514005
:106E30003F4A1143315228E1A1692069814202D9B8
:106E4000091AA16102E008460021A161398A891965
:106E50002278D200521831495118002808D03E2813
:106E600010D84208C00700D0521C90020880FEE0F3
:106E700008882D4A1040088008880122D203104358
:106E80000880F4E04209C00600D1521E900201229F
:106E9000D20310430880EAE0002A26D1388A8019FC
:106EA0002178C90009181D48001F08182169002908
:106EB00008D03E2910D84A08C90700D0521C9102B8
:106EC000018012E00188184A1140018001880122E6
:106ED000D2031143018008E04A09C90600D1521EBD
:106EE00091020122D203114301806078002802D070
:106EF000012835D03DE0388A80192178C900091869
:106F0000064808182169002916D03E291ED84A08CB
:106F1000C90700D0521C910201802AE0060400003B
:106F20008F8F000080810000FF8300008F8E0000A3
:106F30008080000080C00000028855490A4002801D
:106F400001880122D2031143018012E04A09C906D7
:106F500000D1521E91020122D2031143018008E0A8
:106F6000398A88192178C90009184A480818218ADD
:106F70000180E06900287AD020788100705A4204AC
:106F800001D5420606D40122920302404023184054
:106F900002436CD1705A404A1040404A104370522C
:106FA00065E0A1692069814202D9091AA16102E064
:106FB00008460021A161002A25D1398A8919227841
:106FC000D20052183349091F5118002808D03E2812
:106FD00010D84208C30700D0521C92020A8012E067
:106FE0000A882B4B1A400A800A880123DB031A43C4
:106FF0000A8008E04209C30600D1521E9202012312
:10700000DB031A430A806178002902D0012926D0C7
:107010002DE0398A89192278D20052181D49511859
:10702000002808D03E2810D84208C00700D0521CC3
:10703000900208801BE00888154A104008800888E4
:107040000122D2031043088011E04209C00600D19A
:10705000521E90020122D2031043088007E03A8AB0
:1070600091192278D20052180A49511808802078C4
:107070008000315A0A4A1140012212035140520045
:107080005140064A403A114331520020F0BD000001
:10709000FF830000060400008F8F0000C080000006
:1070A0008FBF000000214030818002490180002014
:1070B0007047000080BF000010B50248FAF7BEFC20
:1070C00010BD00007015002040308088704710B55A
:1070D0005C088018012292028018002C08D00288D7
:1070E000801C0A70120A4A70891C641E002CF6D19A
:1070F000DA0701D00088087010BD002902D1802174
:10710000403081810020704710B55B1C5B088018FF
:10711000012292028018002B09D00C784A78891C31
:10712000120222430280801C5B1E002BF5D110BD91
:107130000FB41CB50246002007AC00290BD0491E35
:1071400001910092064B6A462146069800F08EFC9B
:10715000009A002111701CBC08BC04B01847000044
:10716000A58100080FB410B504A9074B02AA039823
:1071700000F07CFC044602A9002001F01EF8204625
:1071800010BC08BC04B01847BB8100082021020CC9
:1071900001D010211046020A01D010460839020918
:1071A00001D01046091F820801D01046891E4208EE
:1071B00001D0881E7047081A7047F8B5040C8BB2CE
:1071C000264682B25E430D0C1046370C58433604F7
:1071D00080190021794116466E43370C3604801918
:1071E000794126466E438919F8BD30B47446641E51
:1071F0002578641CAB4200D21D46635D5B00E3183A
:1072000030BC18474900CA020243100000D00420D5
:107210004A0D01D001221043044A490D914201D187
:1072200002210843012800D105207047FF07000014
:107230008307FF22DB0E9A408907090E9940002838
:1072400008DB830809489B001818036893430B4325
:10725000036070470007000F0838830804489B004C
:107260001818C36993430B43C361704700E400E0FF
:1072700000ED00E0F7B596B014460021A160D160A2
:10728000179909914D00CD496D088D4205DC17997C
:1072900061602060002019B0F0BDC949C94E8D421F
:1072A00038DAD32709997F050029C74A1799334649
:1072B00017DDF9F74FF9B54206D0C44AC44BF9F7C8
:1072C00049F96160206009E03A46C14BF9F742F99B
:1072D000C04AC14BF9F73EF961602060012019B046
:1072E000F0BDF9F793F8B54206D0B84AB84BF9F7B4
:1072F0008DF86160206009E03A46B54BF9F786F8F1
:10730000B44AB54BF9F782F8616020600020C043B1
:1073100019B0F0BDB1498D42179977DC4900490891
:107320000746AF4AAF4B0491F9F722F90022AE4B62
:10733000F9F76CF8F9F73AFA0A90F9F701FAA24A64
:10734000334603910290F9F713F93A46049BF9F793
:1073500007F906460F469D4A9D4B03990298F9F797
:1073600007F92A0D01250C9232463B46F9F7F8F849
:1073700061602060032D39D04800410D0C98401AFF
:10738000690169181139814230DA98492801794434
:1073900008960D90081804974368026803990298AC
:1073A000F9F7E6F802460B4607910690049908980B
:1073B000F9F7D0F806460F46049B089AF9F7D0F87B
:1073C000079B069AF9F7C6F8059189490490794414
:1073D0000D984018C368826803990298F9F7C8F8B5
:1073E000059B049AF9F7B6F86D1CBDE709980028CB
:1073F00009DA01226068D207504060600A9819B02B
:107400004042F0BD02E00A9819B0F0BD0903012224
:10741000090B12050E9089181798109140007549B4
:10742000400D40184111C006C00E0D91139020214F
:10743000081A14900020069005250790139800283C
:107440000D980CD0401982006B48784487581399E6
:107450008F40101841681498C1400F4304E0401950
:10746000810066487844475810993846FFF7A5FED2
:1074700006460A9138460E99FFF79FFE8A190A9B25
:107480008A4201D2012100E00021C9188C46AF00D8
:10749000694679188B684E68C318834201D201206F
:1074A00000E0002096193618002802D0964202D932
:1074B00003E0964201D2012000E00020624612184B
:1074C0004E6068468B60C25128466D1E0028B5DCB0
:1074D0000121029849074018800F139002980599DE
:1074E0008000039E049D0B91F9F72AF90746304668
:1074F0000891F9F739F91D22D243F9F705FB1090ED
:107500000F912846F9F730F93D22D243F9F7FCFAFA
:107510000E900D910B98F9F727F95D22D243F9F7F8
:10752000F3FA0B910C900D9B0E9AF8F76FFF0F9BDF
:10753000109AF8F76BFF3A46089BF8F767FF0025AB
:107540000E463A462846089BF9F704F80F9B109A16
:10755000F9F700F80D9B0E9AF8F7FCFF0B9B0C9ABD
:10756000F8F7FEFF264A274BF9F702F807460D9178
:10757000254A264B31462846F8F7FAFF3A460D9B36
:10758000F8F744FF0F4615220C9092061D4B31462A
:107590002846F8F7EDFF3B460C9AF8F737FF179AA5
:1075A000002A05DA139A524213920122D20751405F
:1075B00061602060139819B0F0BD0000FB21E93F25
:1075C0007CD90240FB21F93F000040543163621A2C
:1075D00061B4D03D7370032E8A19A33BFB2139415E
:1075E00083C8C96D305FE43F0000E03FD6850000EE
:1075F000968500000BFCFFFF4A85000030850000E7
:10760000182D4454FB21F93D3326A611460B113C9D
:10761000F0B51FB44E00F9207608800584B00F46FF
:10762000864204DA0498F9F7C1F8002838D0049AA1
:107630003B4610461946F8F79BFF044602462C4885
:107640000D460B460621784400F05CF822462B4696
:10765000F8F78EFF019100903946079B069A04982F
:10766000F8F786FF0746029120462946019B009ABB
:10767000F8F77EFF3A46029BF8F76CFF07460022B8
:107680000091D24320462946F9F73EFA194A96421C
:107690000ADA3A46009BF8F75DFF0022164B23E01A
:1076A0000020154909B0F0BD144A964202DD0024BD
:1076B000134D03E001225205B51A002422462B4641
:1076C000F8F748FF0646019122462B4600200A495A
:1076D000F8F740FF0D4604463A463046009B0199B4
:1076E000F8F738FF22462B46F8F73AFF09B0F0BD0D
:1076F000EE8200003333D33F0000F03F0000E93F4B
:107700000000D23FF8B504464F1EC80008382118C3
:1077100015461E46086849683A4606239A4310D023
:107720002A463346F8F724FF3A46D200083AA3180F
:107730001A687F1E5B68F8F769FE06223B46934392
:10774000EED1022F23D0042F11D0062F2FD12A469D
:107750003346F8F70DFFE36AA26AF8F757FE2A46A8
:107760003346F8F705FF636A226AF8F74FFE2A46A8
:107770003346F8F7FDFEE369A269F8F747FE2A46AB
:107780003346F8F7F5FE63692269F8F73FFE2A46AB
:107790003346F8F7EDFEE368A268F8F737FE2A46AD
:1077A0003346F8F7E5FE63682268F8F72FFEF8BD68
:1077B000F0B51FB4054648000C46F921400889057C
:1077C00086B088420BDA28462146FFF71BFD0428C5
:1077D00001D100F071F8284621460BB0F0BD2A46D1
:1077E000234610461946F8F7C3FE06460F462A46BA
:1077F0002346F8F7BDFE00902548019132463B46EE
:1078000005217844FFF77EFF02901098039100282D
:1078100029D0204A204B01990098F8F7A9FE04903E
:10782000059168460FC8F8F7A3FE00220191009069
:10783000D24309990898F9F767F9019B009AF8F77C
:1078400089FE32463B46F8F793FE099B089AF8F703
:1078500081FE059B049AF8F77DFE2A462346F8F739
:107860007FFE0BB0F0BD0B4630463946029AF8F762
:107870007FFE084A084BF8F7C9FD019B009AF8F70C
:1078800077FE2A462346F8F7C1FD0BB0F0BD000095
:107890002A820000495555555555C5BF10B50122DE
:1078A000F9F732F910BD002210B513461046114603
:1078B000F8F7C6FE10BD0000034A10B500201107FE
:1078C000F9F722F910BD000001FDFFFF02E008C832
:1078D000121F08C1002AFAD170477047002001E04A
:1078E00001C1121F002AFBD1704700000149086046
:1078F000704700009C020020F0B51FB486B00998C4
:10790000089A030D0021024314D05148514A181817
:10791000504305141198012810981AD0281A401CB9
:1079200000264D4F4D49009601910490002812DA2F
:10793000444211E01198012449A3012801D1109873
:10794000C1430698119A84600360C26041600BB025
:10795000F0BD4042E4E70446210500203F4A001CF8
:1079600051410391029012E0E00707D032463B46B6
:1079700001990098F8F7FCFD0191009032463B46D2
:1079800010461946F8F7F4FD06460F466410002C21
:10799000EAD10498039B0028029A0999089806DA0C
:1079A000F8F7E6FD019B009AF8F7E2FD05E0F8F72D
:1079B00047FE019B009AF8F743FE04460E4600225C
:1079C000284BF9F77BF803D80020C043014607E0B5
:1079D0000022254B20463146F8F718FDF9F74EF8FE
:1079E000102409E0002C0ADB0A220023F8F7AAFB86
:1079F000079B30321A55641E02460A43F2D1112207
:107A0000641C079B121B1C19119B012B03D0012323
:107A100008430ED10AE0084304D011201090002042
:107A2000119077E71098151A6D1E0BE0109882429E
:107A300002DD00236D1C03E0824201DA00236D1E8B
:107A4000002BEED0069811998260C16030C07EE7AD
:107A500001FCFFFF104D0000000014400000F03F4B
:107A6000300000000000F0430000E03FFFB597B099
:107A70000646002518E2252877D100242746FD492F
:107A8000049400E00443761C32780120203A9040B0
:107A90000842F7D130782A280ED0022230780146E9
:107AA0003039092916D804990A2359433039401826
:107AB0001443761C0490F1E7189802C804911890BA
:107AC000002904DA012040030443484204900220C4
:107AD0000443761C30782E2814D104200443707897
:107AE000761C2A2809D11898761C80C8189009E0BD
:107AF0000A214F43303FC719761C30780146303990
:107B00000929F5D930786C2810D006DC4C281AD019
:107B100068280ED06A2817D104E0742813D07A2878
:107B200012D110E00120400504430CE001210905B9
:107B300001E0032109050C437178814203D1012042
:107B400000052418761C761C3078119066280BD01E
:107B500013DC58287DD009DC00287BD04528F6D0DE
:107B60004628F4D047281AD1A5E118E0632835D07B
:107B7000642870D0652812D19DE170286CD008DC93
:107B80006728F1D069287BD06E280DD06F2806D1E8
:107B9000BAE073282ED0752871D0782859D01A9A57
:107BA000199990476D1C7EE16002400F022809D0B0
:107BB00003280DD00428189801680DD00D60001D11
:107BC000189070E11898EA1701680D604A60F6E7AE
:107BD000189801680D80F2E70D70F0E718986A4672
:107BE00001781172001D18900020507202A80090B8
:107BF000012005E0189802C8189000200091C043A9
:107C000061070DD5002101E00199491C0191B9429C
:107C100012DA8142F8DB009A515C0029F4D10BE0C2
:107C2000002101E00199491C01918142FADB019A8E
:107C30000099895C0029F5D1019904981A9B471A8B
:107C400021463846199A00F097FA019940194518CB
:107C50000BE04FE02CE113E04EE000980099007833
:107C6000491C00911A9A199990470198401E019059
:107C7000401CF2D1214638461A9B199A10E137E090
:107C80000A200021009001916002410F022907D0D3
:107C9000189A01CA1892C2179446032908D00AE01C
:107CA0001898C01DC108C90005C91891944607E07D
:107CB00000B2C2179446042902D140B2C1178C46C3
:107CC00000226146944506DA0A460021404291416D
:107CD0008C462D2102E0210504D52B216A46117323
:107CE000012103E0E10701D02021F7E7029155E0EF
:107CF0000A200AE0102008E0102000900021042053
:107D000004430191082703E008200021019100901D
:107D10006002410F022907D0189A01CA1892002266
:107D20009446032908D008E01898C01DC108C9006E
:107D300005C91891944603E080B2042900D1C0B26D
:107D400000210291210729D51199702906D0009AA6
:107D50001021019B4A401A4305D00EE040216A469B
:107D60001173012108E06146014306D030216A46C3
:107D700011731199517302210291009A0821019BFC
:107D80004A401A430AD16146014301D1610705D532
:107D900030216A46117301217F1E029111995829E1
:107DA00004D035A10E910DA90D910DE037A1F9E791
:107DB0006146019B009AF8F7C5F90E9B8C469B5CC7
:107DC0000D9A521E0D92137061460143F0D10D9829
:107DD00005A9081A20300190600703D5012000048E
:107DE000844300E001270198874201DD381A00E052
:107DF0000020019900904118029809180498401A2F
:107E00000490E00306D421461A9B199A049800F0C6
:107E1000B3F94519002706E003A81A9AC05D19991D
:107E200090476D1C7F1C02988742F5DBE0030CD560
:107E300021461A9B199A049800F09EF9451904E00E
:107E40001A9A3020199990476D1C0099481E00908D
:107E50000029F5DC08E00D980D990078491C0D917A
:107E60001A9A199990476D1C0199481E0190002992
:107E7000F1DC63E109280100303132333435363723
:107E80003839616263646566000000003031323366
:107E90003435363738394142434445460000000006
:107EA00000F05AF94519761C3078002800D0E2E538
:107EB00028461BB0F0BD600700D406271898C01DE7
:107EC000C108C90048680A680831C30FDB07189168
:107ED000190001D09CA108E0210501D59BA104E077
:107EE000E10701D09AA100E09AA1430011985B0834
:107EF000109165280CD006DC452809D046281DD0F5
:107F0000472841D141E0662818D067283CD13CE0A1
:107F10000021112F01DB112000E0781C019100905D
:107F200008A911A8FFF7E8FC139905910021119AFF
:107F300015927F1C12980197009150E00120C00714
:107F400003900120019008A9009711A8FFF7D4FC25
:107F5000139A149905920022119B0092129815937E
:107F6000059A0192002901D0104602E0791C4018C0
:107F70000190381A01D5019804E04042401E00905B
:107F8000781C0190C01B029043E0012F00DA01270A
:107F90000021112F01DD112000E0384601910090F1
:107FA00008A911A8FFF7A8FC13990591119A0021BF
:107FB000129815920091019721070CD40599B942A6
:107FC00001DB019900E00191012904DD159A491EA8
:107FD000515C302906D0B84201DA011D05DA0121D1
:107FE000029115E00199491EEDE7002805DC009992
:107FF000411800910199091A03E0019A411C91422C
:1080000000DD01910099401A401C02900120C00738
:108010000390200706D402990198814202DB0020D8
:10802000C043029000206946C87707AF012103983A
:108030000337C907884224D0022011902B201290C8
:10804000039800280CDA404203902D20129007E09C
:108050000A210398F8F74CF830317F1E03903970ED
:108060001199481E11900029F2DC03980028EFD1E5
:10807000791E129808703078202108404530BF1EC4
:10808000387006A8C01BC01D039010980078002807
:1080900000D00120019941180298C01709180398CF
:1080A00009180498401A401E0490E00306D42146A3
:1080B0001A9B199A049800F05FF8451910980078F7
:1080C000002803D01A9A199990476D1CE00324D513
:1080D00021461A9B199A049800F04EF845191CE0A5
:1080E0000098002807DB00990598884203DD159861
:1080F000405C199901E0199930201A9A904700982C
:108100006D1C401C00900298401E0290002804D173
:108110001A9A2E20199990476D1C0199481E0190BA
:108120000029DDDC05E038781A9A7F1C1999904700
:108130006D1C0399481E03900029F4DC21461A9B0C
:10814000199A0498ACE600002D0000002B000000F6
:108150002000000000000000F8B5044600251E467F
:108160001746880404D405E039462020B0476D1C2A
:10817000641EF9D52846F8BDFFB50446002581B038
:108180001E46C80301D5302700E02027880404D507
:1081900005E038460399B0476D1C641EF9D52846A2
:1081A00005B0F0BD4A68002A06D00A68531C0B606F
:1081B00010704868401E486070470A68531C0B6086
:1081C00010707047F8B5FC4C40212046F9F7D8F8FC
:1081D0000025FA4F002826D080212046F9F7D0F854
:1081E000002820D020212046F9F7CAF800281AD00C
:1081F00010212046F9F7C4F8002814D0F04E0121D0
:10820000C9023046F9F7BCF800280CD00121090357
:108210003046F9F7B5F8002805D03D643846803877
:1082200045748574F8BD4021E348F9F7A9F8E34C9B
:108230000126403C00281DD08021DF48F9F7A0F836
:10824000002817D02021DC48F9F79AF8002811D02F
:108250001021D948F9F794F800280BD0F102D8483A
:10826000F9F78EF8002805D03103D548F9F788F8DA
:10827000002802D1386C00282ED04021CE48F9F7D2
:108280007FF800281FD08021CB48F9F779F8002823
:1082900019D02021C848F9F773F8002813D010210D
:1082A000C548F9F76DF800280DD00121C902C4486E
:1082B000F9F766F8002806D001210903C048F9F74C
:1082C0005FF80028AED1386C0128ABD1786F002858
:1082D00017D0401E7867F8BD3E642021B648F9F7F4
:1082E0004FF8002807D1B5488038C078002802D15F
:1082F000608E002802D0B3487867F8BDB24878672E
:10830000F8BD4021AC48F9F73BF8AC496039009121
:10831000002812D08021A848F9F732F800286FD041
:108320002021A548F9F72CF800286AD01021A2488E
:10833000F9F726F8002875D0F4E3608E01280AD0FA
:108340009E488038032141560B00FEF74EFF05245E
:108350002F388FF323009D487863974CFF2100222C
:1083600001312046F9F71BF8012251022046F9F7A6
:1083700016F89248803846737D21C900B9820321DE
:10838000C175934A7A64009AD278022A02D1009A7F
:10839000D670C17585E1A18D0029FBD1C179491C39
:1083A00049B2C1710129F5DDC5717AE10179491E32
:1083B00049B201710029EDDA0821017171E104214E
:1083C00041560B00FEF711FF08050E17262F384007
:1083D000490D4179491E49B241710029DADA042177
:1083E00041715EE14179491E49B241710029D1DAFA
:1083F0000421417155E1A18E012903D0457150E15D
:1084000052E111E34179491C49B241710129C1DDB1
:10841000457146E14179491C49B241710129B9DDF3
:1084200045713EE1FEE34179491E49B2417100299F
:10843000B0DA0621417134E14179491C49B24171F8
:108440000129A7DD45712CE14179491E49B24171ED
:1084500000299FDA0621417123E14179491E49B281
:108460004171002996DA042141711AE14674002213
:1084700082564B21C9001300FEF7B7FE19110E12E8
:10848000161E262A2E363E48525D666F79828B94E0
:10849000AEB7C0C8D1DA11006089401C608100E12C
:1084A000A089401CA081FCE0E089401C00B2E08172
:1084B000884200DDE181F4E0208A401C00B2208285
:1084C000884200DD2182ECE0608B401C6083E8E0A4
:1084D000A08B401CA083E4E0E08B401C00B2E08352
:1084E000884200DDE183DCE0208C401C00B2208467
:1084F000884200DD2184D4E0304930318878401C46
:10850000C0B288701F2800D98E70CAE02B49303164
:108510004878401CC0B248700C2800D94E70C0E0AA
:1085200026493031C878401CC0B2C870632800D9D1
:10853000CD70B6E087E027490878401CC0B20870CB
:10854000172800D90D70ACE022494878401CC0B211
:1085500048703B2800D94D70A3E0184930310878A5
:10856000401CC0B20870072800D90E7099E0208F17
:10857000401C00B22087322801DD3220208790E0A5
:10858000608F401C00B26087322801DD3220608796
:1085900087E03888401C00B238803C2801DD3C2050
:1085A00038807EE07888401C00B278803C2878DDF6
:1085B0003C20788075E00000000400488000002026
:1085C00000080048C4090000C8AF0000881300007C
:1085D0001F4E0000B40200203889401C00B23881D0
:1085E0003C285EDD3C2038815BE07889401C00B28D
:1085F00078813C2855DD3C20788152E08179491C06
:1086000049B2817101294CDD85714AE08179491EA9
:1086100049B28171002944DA0221817141E08179F6
:10862000491E49B2817100293BDA0421817138E089
:10863000F7498889401C00B28881FF226932904244
:108640002FDD8A812DE006214156002906D001291F
:108650000DD0022914D0032923D11AE0EC4948890E
:10866000401C00B248811F281BDD4E8119E0E849FB
:108670000889401C00B20881072812DD0E8110E035
:10868000E3498888401C00B28880172809DD8D8066
:1086900007E0DF49C888401C00B2C8803B2800DDE5
:1086A000CD8002203864FDE3608E012809D0D948CE
:1086B000032141560B00FEF798FD05242F3786EE67
:1086C0002300D5487863D54C012211022046F8F7E3
:1086D00066FE0121002249022046F8F760FECD48DF
:1086E00046737D21C900B9820321C175CC4A7A64E1
:1086F000009AD278012A03D1009A0223D370C1755F
:1087000082E1A18D0029FBD1C179491E49B2C17115
:108710000029F5DAC67177E10179491C49B2017186
:10872000082900DD05716FE1042141560B00FEF7B9
:108730005CFD08050D15222A323A420C4179491C8C
:1087400049B24171042900DD45715DE14179491C5F
:1087500049B24171042900DD457155E1A18E01291D
:1087600001D0457150E14179491E49B2417100295A
:1087700000DA467148E14179491E49B24171002948
:1087800000DA467140E14179491C49B2417106293C
:1087900000DD457138E14179491E49B24171002936
:1087A00000DA467130E14179491C49B2417106292C
:1087B00000DD457128E14179491C49B24171042924
:1087C00000DD457120E186740022825628211300C5
:1087D000FEF70BFD19160E172029323B444D566249
:1087E0006D78818A959DA5AEB7BFC7CFD7DF16003C
:1087F0006089401E60810A20205E002800DA6581C1
:1088000002E1A089401EA0810C20205E002800DA31
:10881000A581F9E0E089401EE0810E20205E00285D
:1088200000DAE581F0E0208A401E20821020205EE0
:10883000002800DA2582E7E0608B401E60831A2062
:10884000205E002800DA6583DEE0A08B401EA08356
:108850001C20205E002800DAA583D5E0E08B401EB6
:10886000E0831E20205E002800DAE583CCE0208C27
:10887000401E20842020205E002800DA2584C3E0EA
:108880006449B0318878401E0006000E887001D11E
:108890001F208870B8E085E05E49B0314878401EFE
:1088A0000006000E487001D10C204870ACE0594918
:1088B000B031C878401E0006000EC87001D1632098
:1088C000C870A1E057490878401EC0B20870182847
:1088D00000D30D7098E053494878401EC0B24870EC
:1088E0003C2800D34D708FE04A49B0310878401ED3
:1088F0000006000E087001D10720087084E0208F68
:10890000401E00B2208728287EDA21877CE0608F15
:10891000401E00B26087282876DA618774E03888C4
:10892000401E00B2388032286EDA322038806BE088
:108930007888401E00B27880322865DA322078804C
:1089400062E03889401E00B2388100285CDA3D813F
:108950005AE07889401E00B27881002854DA7D817F
:1089600052E08179491E49B2817100294CDA867141
:108970004AE08179491C49B28171022944DD85713F
:1089800042E08179491C49B2817104293CDD85713D
:108990003AE01F498889401E00B28881012833DAF5
:1089A0008E8131E006214156002906D001290ED0E2
:1089B000022916D0032927D11DE015494889401EF8
:1089C00000B2488101281FDA1F2048811CE01049AD
:1089D0000889401E00B20881012815DA07200881A5
:1089E00012E00B498888401E00B2888001280BDA0B
:1089F0001720888008E00649C888401E00B2C88059
:108A0000012801DA3B20C880022038644AE20000D5
:108A1000C804002000000020881300000004004863
:108A20001F4E0000B4020020608E012823D0FE4BB0
:108A3000D878012803D11846007908280CD0D878B6
:108A4000022819D0D87803286DD0D87800286BD0A8
:108A5000D878012869D0AAE300F0BCFE002806D02F
:108A6000F8F768F98022F149F148F8F7A3F9EE48E0
:108A7000C178491EC170A2E3EB48042141560B00A6
:108A8000FEF7B3FB08051D36FEFDFCFBFA10E648B9
:108A9000052141560B00FEF7A8FB050406090C0F43
:108AA00005000670E8E202210170E5E20321017091
:108AB000E2E204210170DFE2C5700570DCE2DA4811
:108AC000052141560B00FEF790FB0504070A0D1027
:108AD000060005210170CFE206210170CCE20721DA
:108AE0000170C9E208210170C6E2C5700570C3E2D9
:108AF000A08E002802D10098C6706685CA4905205C
:108B00000856401C60850099C870618D1020F8F7E8
:108B1000FFF8C548C5700570608D012806D0022891
:108B2000C0D199E05CE3ACE233E336E3A08D0028EA
:108B30003CD0BD490A22C88DA25E904273DD1A2244
:108B4000A25E90426FDA3822888EA25E90426ADD81
:108B50000022BA5E90427DDAB6487863B64DFF21B6
:108B6000002201312846F8F71AFC0122510228465A
:108B7000F8F715FC012202212846F8F710FC002224
:108B80001021AE48F8F70BFC01210022890328468A
:108B9000F8F705FC0122D1032846F8F700FC6685AA
:108BA000A14846737D20C000B88265E29E490A2034
:108BB000CD8D205E85424BDD0A200A8E205E8242EA
:108BC00046DD0A23488EE35E984241DD1A23E35EC8
:108BD0009D423DDA1A23E35E9A4239DA1A22A25EF6
:108BE000904235DA3822888EA25E904230DD002233
:108BF000BA5E90422CDA8F4878638F4DFF210022B5
:108C000001312846F8F7CBFB012251022846F8F73C
:108C1000C6FB012202212846F8F7C1FB00221021E1
:108C2000864801E0D8E215E0F8F7B9FB01210022FF
:108C300089032846F8F7B3FB0122D1032846F8F749
:108C4000AEFB6685784846737D20C000B88213E28B
:108C50008E7311E28E730FE2A08D002842D072490C
:108C60000A22C88EA25E90427DDD1A22A25E904248
:108C700079DA888F382204E0B9E17AE1C2E095E040
:108C800085E0A25E90426EDD0022BA5E90427CDA00
:108C900068487863684D012211022846F8F77FFB87
:108CA0000121002249022846F8F779FB002202211F
:108CB0002846F8F774FB012210216048F8F76FFB93
:108CC000012291032846F8F76AFB00226901284631
:108CD000F8F765FB02206085534846737D20C0008D
:108CE000B882C9E150490A20CA8E205E82424ADD1C
:108CF0000A200D8F205E854245DD0A23488FE35E02
:108D0000984240DD1A23E35E9A423CDA1A22A25EC0
:108D1000954238DA1A22A25E904234DA3822888FDD
:108D2000A25E90422FDD0022BA5E90422BDA4148CB
:108D30007863414D012211022846F8F730FB0121EA
:108D4000002249022846F8F72AFB00220221284681
:108D5000F8F725FB012210213848F8F720FB012203
:108D60009103284600E010E0F8F719FB00226901A2
:108D70002846F8F714FB022060852B4846737D20B7
:108D8000C000B88278E1CE7376E1CE7374E1264EEE
:108D900005203056A085A08D012800D1F571A18D48
:108DA0001220F7F7B5FFF570357065E11E4C052010
:108DB00020560300FEF719FA0705080B0E111417C9
:108DC00007000920207057E10A20207054E10B2091
:108DD000207051E10C2020704EE10D2020704BE1FD
:108DE0000E20207048E11149002214391448F9F787
:108DF000F7FC0D490022B0311148F9F787FCE57006
:108E0000257039E1084805214156A186A18E16201A
:108E1000F7F77EFF0448C57005700098C670668538
:108E2000A08E00284FD10DE000000020C8020020D5
:108E300000F80108881300000004004800080048FA
:108E400008050020A08D00283ED0FD490A22C88DCB
:108E5000A25E90427EDD1A22A25E90427ADA382229
:108E6000888EA25E904275DD0022BA5E90427EDA64
:108E7000F4487863F44DFF21002201312846F8F7C9
:108E80008EFA012251022846F8F789FA01220221BE
:108E90002846F8F784FA00221021EC48F8F77FFA08
:108EA000002200E04CE2012189032846F8F777FA16
:108EB0000122D1032846F8F772FA6685E048467326
:108EC0007D20C000B882D7E0DD490A20CD8D205E2C
:108ED00085424ADD0A200A8E205E824245DD0A2351
:108EE000488EE35E984240DD1A23E35E9D423CDA01
:108EF0001A23E35E9A4238DA1A22A25E904234DAEA
:108F00003822888EA25E90422FDD0022BA5E904207
:108F10002BDACC487863CC4DFF2100220131284662
:108F2000F8F73DFA012251022846F8F738FA0122F3
:108F300002212846F8F733FA00221021C348F8F737
:108F40002EFA0121002289032846F8F728FA012287
:108F5000D10300E00BE02846F8F721FA6685B8480F
:108F600046737D20C000B88286E08E7384E08E73E5
:108F700082E0B34E052030560300FEF736F90705B0
:108F8000080B0E1114177D000F20307074E01020B4
:108F9000307071E0112030706EE0122030706BE0A4
:108FA0001320307068E01420307065E0208F81B2AB
:108FB0001820F7F7ADFE608F81B21A20F7F7A8FEF0
:108FC000388881B21C20F7F7A3FE788881B21E2072
:108FD000F7F79EFE388981B22020F7F799FE78894D
:108FE00081B22220F7F794FEF570357044E0944882
:108FF000052141560B00FEF7F8F805040B12171C6B
:109000003F008F481521017091494988817133E0F3
:109010008B48162101708E49098881712CE088489F
:1090200017210170857127E085481821017085712D
:1090300022E0874C61882420F7F76AFE21882620E9
:10904000F7F766FE61892820F7F762FE21892A205A
:10905000F7F75EFEA1882C20F7F75AFEE1882E2054
:10906000F7F756FEA1893020F7F752FE7448C67014
:10907000C178491EC17005707149C878401CC8701C
:109080009DE06F4900200856062832D006DC030018
:10909000FEF7ABF8067611171D23297615283AD06E
:1090A00004DC07282BD008286AD12EE016283CD0F3
:1090B000172865D14DE0608981B20020F7F728FEBE
:1090C0005EE0A08981B20420F7F722FE58E0E08933
:1090D00081B20820F7F71CFE52E0208A81B20C20F2
:1090E000F7F716FE4CE0608B81B20220F7F710FE16
:1090F00046E0A08B81B20620F7F70AFE40E0E08B45
:1091000081B20A20F7F704FE3AE0208C81B20E20EB
:10911000F7F7FEFD34E04A488079002802D04C4839
:1091200046802DE04A4845802AE0454906200856F9
:10913000002804D0012805D0022821D105E04448A8
:1091400005801DE0424806801AE04149022008805F
:1091500016E03B48062141560B00FEF746F805078E
:10916000070707040700C178491EC1700621415650
:10917000042902DA0421C17002E0C178491CC170DF
:109180002F48C17804291AD00570C178491EC170D2
:1091900015E01D7104F0E8FA09E01879052811D0EE
:1091A0001879022811D01879032812D05D71D87867
:1091B000401C40B2D870032801DD0320D870022083
:1091C0003864F4E0A08E5871F1E7608D401E58714C
:1091D000EDE7A08D5871EAE71948C07800280FD054
:1091E0000121C9021948F8F7CBF800287BD0174EA7
:1091F000012109033046F8F7C3F8002874D0D6E0FF
:10920000608E00282AD065860F4D00220121284655
:10921000F8F7C5F8012220210C48F8F7C0F8002122
:109220001420F7F775FDF7F785FD802209490A48F4
:10923000F7F7C0FD608D01282CD002287ED154E0C4
:1092400000000020881300000004004800080048C7
:10925000C8040020C802002000F801086686012228
:1092600011465748F8F79BF8002220215548F8F797
:1092700096F801211420F7F74BFDF7F75BFD8022EC
:1092800051495248F7F796FDA08D012856D1504814
:10929000C57153E04F487863FF2100220131284611
:1092A000F8F77DF8012251022846F8F778F80122F4
:1092B00002212846F8F773F8002210214148F8F7F8
:1092C0006EF80121002289032846F8F768F8012288
:1092D000D1032846F8F763F866853D4846737D203C
:1092E000C000B8822AE02CE049E03A4878630122C5
:1092F00011022846F8F753F80121002249022846B6
:10930000F8F74DF8002202212846F8F748F8012224
:1093100010212C48F8F743F8012291032846F8F76A
:109320003EF801210022C9032846F8F738F8022048
:109330006085274846737D20C000B88202203864CB
:1093400035E06686012211461D48F8F728F800220C
:1093500020211C48F8F723F801211420F7F7D8FC46
:10936000F7F7E8FC802218491848F7F723FDA08D8D
:10937000012801D11648C5710220386417E06586BE
:10938000002201210E48F8F70AF801222021304678
:10939000F8F705F800211420F7F7BAFCF7F7CAFC34
:1093A000802209490948F7F705FD0220386400F0DA
:1093B0000DFB07493C204876F7F7E8FBF8BD0000B5
:1093C0000004004800080048C802002000F8010816
:1093D000000000208813000010B5F7F7BDFD012143
:1093E00049020840002801D0012010BD002010BD16
:1093F000F8B5424D687B002843D028462030C1781C
:10940000044600263E4F203401293BD0C078022874
:1094100037D141023B48F7F7B3FF002831D1012291
:1094200011023846F7F7BBFF012251023846F7F721
:10943000B6FF002202213846F7F7B1FF01221021C2
:109440003048F7F7ACFF012291033846F7F7A7FF42
:10945000002279013846F7F7A2FF6E7320464030AC
:109460004663608E01280CD102206085618D10203A
:10947000F7F74EFCF7F75EFC802223492348F7F705
:1094800099FCF8BD01210920C903C006F7F778FF50
:109490000028F6D1012211023846F7F780FF012299
:1094A00051023846F7F77BFF012202213846F7F7D1
:1094B00076FF002210211348F7F771FF01210022E7
:1094C00089033846F7F76BFF0122D1033846F7F7D7
:1094D00066FF6E73094880304663608E0128D0D1E4
:1094E0006085618D1020F7F713FCF7F723FC8022CD
:1094F00005490648F7F75EFCF8BD000000000020B3
:109500000004004800080048C802002000F80108D4
:1095100010B501210920C903C006F7F731FF1D4C22
:109520006071012189021C48F7F72AFFA0712146CA
:109530006031496B002919D0214620314A8D174BE3
:10954000012A02D16279002A03D0498D022906D06E
:109550000CE0012211021846F7F721FF06E000286F
:1095600004D1012251021846F7F719FFE2780949A0
:1095700000202039012A02D16279002A07D0E2783E
:10958000022A03D1A279002A00D1487510BD48757E
:1095900010BD000020000020000800480004004822
:1095A00010B5104CA17FE07F01430F4802D1617DCF
:1095B000002904D001220421F7F7F1FE03E0002284
:1095C0000421F7F7ECFE07484030808D012808D1D0
:1095D000A17F0020002900D0A077E17F002900D0E2
:1095E000E07710BD0000002000040048F8B53E48B8
:1095F000838D0646403E054634460127F28EB18FE4
:1096000040352034002B2DD0E378012B29D10A23BB
:10961000C35E9A4225DD1A23C35E9A4221DA3822BC
:10962000825E91421DDD0020285E814219DAA7701A
:109630002E4868632E4E012211023046F7F7AFFE26
:10964000002279023046F7F7AAFE0220E070284691
:10965000803847737D21C900A9820321C17525483F
:109660006864F8BDE378012BFBD10A23C35E9A42FC
:10967000F7DD1A23C35E9A42F3DA0A23328FC35E00
:109680009A42EEDD1A23C35E9A42EADA0A23728F07
:10969000C35E9A42E5DD1A23C35E9A42E1DA3822BC
:1096A000825E9142DDDD0020285E8142D9DAA7701A
:1096B0000E4868630E4E012211023046F7F76FFE26
:1096C0000121002249023046F7F769FE0220E070CE
:1096D0000548403847737D21C900A9820321C1751F
:1096E00004486864F8BD00004000002088130000B2
:1096F000000400481F4E0000F8B52F4D6888002870
:109700002DD02E48808E002829D12E882D4A2B4C12
:109710000121137849032A4852784034002E1FD083
:109720002E8827462C37012E2DD02E88022E16D1BA
:109730000A26AE5FBF78BE4211D10426AE5F9E42BC
:109740000DD10623EB5E934209D1A26A002A06D10D
:10975000F7F725FE0C20285E3C214843A062F8BDA7
:109760000426AE5F9E42FAD10623EB5E9342F6D109
:10977000A26A002AF3D1F7F712FE0C20285E3C21E2
:109780004843A062F8BD0826AE5F3F78BE42F9D1DB
:109790000426AE5F9E42F5D10623EB5E9342F1D1E3
:1097A000A26A002AEED1F7F7FAFD0C20285E3C21D0
:1097B0004843A062F8BD0000C8040020400000201B
:1097C00000080048A002002010B5002003F054FE5D
:1097D00010BD00004E48818E002904D10121418531
:1097E0000246203AD1701221415E0A22825E9142E5
:1097F0007ED11421415E0C22825E914278D11621E5
:10980000415E0E22825E91427ED11821415E10227D
:10981000825E914278D12221415E1A22825E91427B
:1098200072D12421415E1C22825E91426CD126219C
:10983000415E1E22825E914266D12821415E202235
:10984000825E914260D1C18D428D91425CD1018E88
:10985000828D914258D1818EC28E914254D138214D
:10986000415E3C22825E91424ED13A21415E3E22CF
:10987000825E914248D1264840300021415E042258
:10988000825E914240D10221415E0622825E914277
:109890003AD10821415E0C22825E914234D10A21E4
:1098A000415E0E22825E91422ED11A480222825ED1
:1098B00001460E310223CB5E9A4225D10022825E00
:1098C0000023CB5E9A421FD10A23C35E0A228A5E1E
:1098D000934219D10822825E0823CB5E9A4213D1AB
:1098E0000422825E0423CB5E9A420DD1062200E060
:1098F0000AE0825E0623CB5E9A4205D10C22825E8C
:109900000C20085E824201D0012070470020704781
:1099100040000020C804002000B54A00224B520835
:1099200087B09A4202DC0022134625E01F4B9A4280
:1099300008D1002808D10120FDF7D8FFFDF7B3FFBB
:1099400007B000BD9A4203DBFDF7A8FF07B000BDDA
:1099500002AAFDF78FFC8107890F0BD00120012996
:109960000ED0022916D0009002A80FC8FDF720FFE4
:1099700007B000BD02A80FC8FDF74AFE07B000BD42
:10998000009002A80FC8FDF713FF0122D207514033
:1099900007B000BD02A80FC8FDF73AFE0122D207AA
:1099A000514007B000BD0000FB21E93F0000F07FFF
:1099B00010B5F6F71FFF034A034BF6F7D9FDF6F78C
:1099C0002DFF10BD399D52A246DF913FF0B58DB0FD
:1099D000FFF7FAFEFB48017C0746FB4E20370129C2
:1099E00005D1B978002902D17978002903D0017C0A
:1099F000012943D061E00446808D401C80B2A085DF
:109A0000032801D90020A0850E211F2003F0D4FDDA
:109A10000123EEA07268316803F090FE202104203B
:109A200003F0CAFDA08D002810D0012814D0022810
:109A300018D003281CD006CE0123E6A003F07EFE3A
:109A400003F0D0FD0320A0750DB0F0BD06CE0123BC
:109A5000E0A003F073FEF3E706CE0123E0A003F0DD
:109A60006DFEEDE706CE0123E0A003F067FEE7E719
:109A700006CE0123E0A003F061FEE1E7B9780029FA
:109A80001BD07978002918D1817D002915D00E21AD
:109A90001F2003F091FD0123CCA07268316803F010
:109AA0004DFE2021192003F087FD06CE0123D5A00D
:109AB00003F044FE03F096FDC6E7C17DC14D40357D
:109AC000002962D0F878012803D0688D022827D0B9
:109AD00029E0688D012802D1688E002815D00D215B
:109AE000042003F069FD0123C8A07268316803F007
:109AF00025FE24210A2003F05FFD06CE0123C6A027
:109B000003F01CFE03F06EFD9EE70D21042003F020
:109B100053FD0123C3A07268316803F00FFEE8E72C
:109B2000688E00280DD00D21042003F045FD01238F
:109B3000B6A07268316803F001FEA88E00280BD031
:109B40000DE00D21042003F037FD0123B5A072685C
:109B5000316803F0F3FDF0E7688E00280BD0202178
:109B60000A2003F029FD06CE0123B1A003F0E6FD93
:109B700003F038FD68E720210F2003F01DFD06CE1D
:109B80000123AEA003F0DAFDF2E700214156AE4C0E
:109B900000297DDD00214156142979DC0021415640
:109BA0000B00FDF722FB15250C26406388A2BCDFC5
:109BB000FEFDFCFBFAF9F8F7F6F5F4F325000321B6
:109BC000242003F0F9FC06CC0123A0A003F0B6FD8D
:109BD00012212F2003F0F0FC0A23EB5E9EA2042149
:109BE00005A8FDF7A5FA06CE012305A803F0A6FDFA
:109BF000F9E303210F2003F0DFFC06CC012398A03A
:109C000003F09CFD12212F2003F0D6FC0C23EB5E09
:109C100091A2042105A8FDF78BFA06CE012305A821
:109C200003F08CFDE4E70321242003F0C5FC06CCFF
:109C300001238FA003F082FD0E23EB5E86A2042198
:109C400005A8FDF775FA05A8F6F7EFFA4008C10078
:109C5000091A3D20401AC0B23871122103F0ACFC41
:109C600006CE012305A803F069FDC1E703210F20FB
:109C700003F0A2FC06CC012380A003F05FFD1023BB
:109C8000EB5E75A2042105A8FDF752FA05A800E0D5
:109C90005FE2F6F7CAFA4008C100091A3D20401AEF
:109CA000C0B23871122103F087FC06CE012305A84B
:109CB00003F044FD9CE70321242003F07DFC06CC47
:109CC000012372A003F03AFD12212F2003F074FC4F
:109CD0001A23EB5E60A2042105A8FDF729FA06CE3F
:109CE000012305A803F02AFD82E703210F2003F0DA
:109CF00063FC06CC012368A003F020FD12212F2075
:109D000003F05AFC1C23EB5E53A2042105A8FDF7C7
:109D10000FFA06CE012305A803F010FD68E7032122
:109D2000242003F049FC06CC01235FA003F006FDCC
:109D30001E23EB5E48A2042105A8FDF7F9F905A84A
:109D4000F6F773FA4008C100091A3D20401AC0B264
:109D50003871122103F030FC06CE012305A803F070
:109D6000EDFC45E703210F2003F026FC06CC012380
:109D700050A003F0E3FC2023EB5E37A2042105A8EA
:109D8000FDF7D6F905A8F6F750FA0BE0C5E1A8E112
:109D90008BE16EE153E138E119E1FEE0E3E0C8E078
:109DA000AAE08FE04008C100091A3D20401AC0B265
:109DB0003871122103F000FC06CE012305A803F040
:109DC000BDFC15E7000000209402002047656E737B
:109DD000657400005374617274696E67000000005E
:109DE0005374617274696E672E000000537461725F
:109DF00074696E672E2E00005374617274696E6709
:109E00002E2E2E0053746172746564005472616E5C
:109E100073666572696E6700546F20536F75726365
:109E20006531000052652D5472616E736665720073
:109E3000546F20536F75726365320000546F204772
:109E4000656E7365740000008C020020566F6C74A0
:109E5000556E64657200000025642020000000003B
:109E6000566F6C74556E64657252657475726E00CF
:109E700054696D65556E64657200000054696D65C6
:109E8000556E64657252657475726E00566F6C74AF
:109E90004F76657200000000566F6C744F766572E5
:109EA00052657475726E000054696D654F76657207
:109EB0000000000054696D654F76657252657475D7
:109EC000726E00000321272003F076FB06CC0123ED
:109ED000FAA003F033FC12212F2003F06DFBF948A8
:109EE000F94A8378042105A8FDF722F906CE01235B
:109EF00005A803F023FC7BE60321272003F05CFB8D
:109F000006CC0123F1A003F019FC12212F2003F04D
:109F100053FBEC48F0A240788100EE4843580421FE
:109F200005A8FDF705F906CE012305A803F006FCF8
:109F30005EE60321272003F03FFB06CC0123E8A0C7
:109F400003F0FCFB12212F2003F036FBDD48DE4A34
:109F5000C378042105A8FDF7EBF806CE012305A878
:109F600003F0ECFB44E60321202003F025FB06CCA4
:109F70000123DDA003F0E2FB12212F2003F01CFBE4
:109F8000DC48D14A0378042105A8FDF7D1F806CEB4
:109F9000012305A803F0D2FB2AE60321202003F0C9
:109FA0000BFB06CC0123D4A003F0C8FB12212F2009
:109FB00003F002FBCF48C44A4378042105A8FDF70B
:109FC000B7F806CE012305A803F0B8FB10E603217D
:109FD0002B2003F0F1FA06CC0123CAA003F0AEFB5C
:109FE00012212F2003F0E8FAB648BBA200788100C6
:109FF000B84834304358042105A8FDF799F806CE37
:10A00000012305A803F09AFBF2E50321242003F0C5
:10A01000D3FA06CC0123BDA003F090FB12212F2020
:10A0200003F0CAFA3823EB5EA74A042105A8FDF71E
:10A030007FF806CE012305A803F080FBD8E50321B5
:10A04000052003F0B9FA06CC0123B3A003F076FB98
:10A0500012212F2003F0B0FA3A23EB5E9A4A042132
:10A0600005A8FDF765F806CE012305A803F066FBF9
:10A07000BEE50321242003F09FFA06CC0123ABA008
:10A0800003F05CFB12212F2003F096FA8D48303844
:10A090000023C35E8C4A042105A8FDF749F806CECB
:10A0A000012305A803F04AFBA2E50321052003F0E4
:10A0B00083FA06CC0123A0A003F040FB12212F203D
:10A0C00003F07AFA7F4830380223C35E7E4A0421C7
:10A0D00005A8FDF72DF806CE012305A803F02EFBF9
:10A0E00086E50321052003F067FA06CC012397A03B
:10A0F00003F024FB12212F2003F05EFA7148303860
:10A100000823C35E704A042105A8FDF711F806CEA6
:10A11000012305A803F012FB6AE503210F2003F0D9
:10A120004BFA06CC01238EA003F008FB12212F204E
:10A1300003F042FA634830380A23C35E624A0421BE
:10A1400005A8FCF7F5FF06CE012305A803F0F6FAF3
:10A150004EE55C48B03803214156052988D24B00B2
:10A160007B449B885B009F440400C0041205FD07EC
:10A1700016090521032003F01FFA524EB03EF07974
:10A18000002803D0F079012807D00CE0012378A043
:10A190006268216803F0D2FA05E0012376A06268C4
:10A1A000216803F0CBFAF079002803D0F079012878
:10A1B00007D00CE0F38D444A042105A8FCF7B8FF52
:10A1C00005E0F38F404A042105A8FCF7B1FFA88DF4
:10A1D00000280DD00521492003F0EEF9012305A840
:10A1E0006268216803F0AAFAA88D00280BD046E027
:10A1F00005212D2003F0E0F9012305A862682168FC
:10A2000003F09CFAF0E7F079002803D0F0790128F8
:10A2100007D00CE0338E2C4A042105A8FCF788FFF8
:10A2200005E02B88284A042105A8FCF781FF0521B9
:10A23000492003F0C1F9012305A86268216803F0F1
:10A240007DFAF079002803D0F079012807D00CE0DE
:10A25000738E1D4A042105A8FCF76AFF05E06B8890
:10A26000194A042105A8FCF763FF0521652003F0C6
:10A27000A3F9012305A86268216803F05FFA1121A0
:10A28000032003F099F9F079002803D0F079012830
:10A2900007D00CE001233AA06268216803F04EFA6F
:10A2A00005E0012338A06268216803F047FAF079DD
:10A2B00000286FD0F079012873D078E0536574449A
:10A2C00061746500B0000020589E00085365744D0D
:10A2D0006F6E74007CD900082573202000000000F8
:10A2E0005365745965617200536574486F75727374
:10A2F00000000000B40200205365744D696E75744F
:10A300006500000053657444617900004672657110
:10A31000556E646572000000536574467265715530
:10A320006E64657252657475726E00004672657176
:10A330004F76657200000000536574467265714F78
:10A3400076657252657475726E00000046726571B2
:10A3500041624E6F726D616C54696D650000000062
:10A36000467265714E6F726D616C54696D65000067
:10A3700055315B4C4E5D000055315B4C4C5D00002F
:10A3800055325B4C4E5D000055325B4C4C5D00001D
:10A3900000E006E0F38EFA4A042105A8FCF7C8FEA7
:10A3A00005E0AB88F64A042105A8FCF7C1FEA88D9C
:10A3B00000280DD01121492003F0FEF8012305A843
:10A3C0006268216803F0BAF9A88D00280CD047E034
:10A3D00011212D2003F0F0F8012305A862682168FF
:10A3E00003F0ACF9F0E77FE3F079002803D0F079CF
:10A3F000012807D00CE0338FE14A042105A8FCF7BF
:10A4000097FE05E0EB88DE4A042105A8FCF790FEE4
:10A410001121492003F0D0F8012305A862682168C2
:10A4200003F08CF9F079002803D0F079012807D0E7
:10A430000CE0738FD24A042105A8FCF779FE05E0F1
:10A440002B89CF4A042105A8FCF772FE1121652053
:10A4500003F0B2F8012305A86268216803F06EF9E1
:10A460001D21032003F0A8F80123C6A0626821681B
:10A4700003F064F9C448406DF6F7BCF9019100900F
:10A48000C2A2052105A8FCF753FE1D21162003F0EA
:10A4900093F8012305A86268216803F04FF91D2194
:10A4A0003E2003F089F80123BAA06268216803F016
:10A4B00045F9B548406EF6F79DF901910090B3A2B9
:10A4C000052105A8FCF734FE1D21512003F074F886
:10A4D000012305A86268216803F030F91D216F206F
:10A4E00003F06AF80123ACA06268216803F026F942
:10A4F0000022AA49AA48F8F76DF8A34900222C3196
:10A50000A748F8F745F8A54914228818F5F75BFE27
:10A510009D48C16A01632921032003F04DF8688E2C
:10A52000002806D001239FA06268216803F006F985
:10A5300005E001239EA06268216803F0FFF829214D
:10A540004B2003F039F8F878002804D0012808D00F
:10A55000022811D10BE006CC012398A003F0EEF8FD
:10A560000AE006CC012397A003F0E8F804E006CC4B
:10A57000012396A003F0E2F8B078002870D0022002
:10A580003056944C02281DDC7F488169002969D02F
:10A590007D21C9008069F5F7C1FD401CC2B2688DFC
:10A5A000012810D0A88D00283CD0F08E002852D071
:10A5B0000220305613468000205887A1024605A885
:10A5C000FCF7D0FD67E0A88D00280DD0F08D0028A5
:10A5D00023D0022030561346800020587EA1024628
:10A5E00005A8FCF7BFFD56E0F08D0A2805D9308E8E
:10A5F0000A2802D9708E0A2804D879A105A8FCF788
:10A60000B1FD48E00220305613468000205872A168
:10A61000024605A8FCF7A6FD3DE071A105A8FCF7E0
:10A62000A1FD38E0F08E0A2805D9308F0A2802D91A
:10A63000708F0A2804D86AA105A8FCF793FD2AE0C8
:10A640000220305613468000205863A1024605A818
:10A65000FCF788FD1FE062A105A8FCF783FD1AE066
:10A6600087E1FFE7707D002804D061A105A8FCF711
:10A6700079FD10E0688D012829D0A88D00287BD0B5
:10A68000F08E002879D0022030565EA1800022583A
:10A6900005A8FCF767FD02203056022816DD0220CF
:10A6A0003056042812DC3848C169002966D07D2163
:10A6B000C900C069F5F732FD401CC3B20220305614
:10A6C00045A18000225805A8FCF74CFD04E1A88DA7
:10A6D00000280BD0F08D002851D00220305649A11F
:10A6E0008000225805A8FCF73DFDD4E7F28D0A2A28
:10A6F00005D9318E0A2902D9708E0A2804D842A1C0
:10A7000005A8FCF72FFDC6E70C23EB5E9A4207DD98
:10A710000C22AA5E914203DD0C21695E884208DCAE
:10A720000220305637A18000225805A8FCF71AFDF8
:10A73000B1E70020FEF750FE00280DD00120FEF703
:10A740004BFE002808D0022030562EA1800022584F
:10A7500005A8FCF707FD9EE70C21F08E695E884294
:10A760005DDB0C21308F695E884258DB0C21708FD5
:10A77000695E884253DB4DE08AE0A0E0A4E082E01D
:10A78000589E00084631000080000020252E3166CA
:10A790000000000046320000487A0000A0020020BD
:10A7A000080500204D6F64653A4D616E00000000A1
:10A7B0004D6F64653A4175746F0000004F55543A0F
:10A7C0004E4F4E004F55543A553100004F55543AB4
:10A7D00055320000E0DA000825733A2025640000B5
:10A7E0005068617365204C6F73733A2025640000D4
:10A7F0004661696C20746F205472616E7366657275
:10A8000000000000257300005068617365204C6FE4
:10A8100073730000F8A105A8FCF7A4FC3BE7708D5A
:10A82000401C7085C00717D0F8480178C5788A00A9
:10A83000F7498A58F7494B780978009502930392B3
:10A84000019141788A00F24934398B588278F2A11B
:10A8500005A8FCF787FC1EE7EC480178C5788A005C
:10A86000EB498B58EB494A780978009501AD0EC544
:10A8700041788A00E64934398B588278EBA105A8E3
:10A88000FCF770FC07E7EE4905A8FCF76BFC02E754
:10A89000F08E0A2805D9308F0A2802D9708F0A282D
:10A8A00004D8E74905A8FCF75DFCF4E60220305621
:10A8B000E4A18000225805A8FCF754FCEBE6E0492F
:10A8C00005A8FCF74FFCE6E602203056DDA180002B
:10A8D000225805A8FCF746FC02203056052821DB4B
:10A8E0000220305606281DDCC8482C38016A002991
:10A8F00010D07D21C900006AF5F710FC401CC3B2DE
:10A9000002203056CE4980002258303905A8FCF785
:10A9100029FC07E002203056CAA18000225805A871
:10A92000FCF720FC02203056072818DB02203056A6
:10A93000082814DCB5482C38416A002910D07D2144
:10A94000C900406AF5F7EAFB401CC3B2022030564A
:10A95000BB4980002258303905A8FCF703FCB0E061
:10A9600002203056B7A18000225805A8FCF7FAFB58
:10A97000A7E02021B448F6F703FD00280FD1F078B6
:10A9800000280CD1688E002809D1A0482C38406FCF
:10A99000002804D0ADA105A8FCF7E4FB91E0707D90
:10A9A000002804D0AFA105A8FCF7DCFB89E0A88D46
:10A9B000002853D1B07F002804D10120FEF70CFD00
:10A9C00000284BD00C21F08E695E88420CDB0C21F4
:10A9D000308F695E884207DB0C21708F695E884288
:10A9E00002DB688E00281CD0708D401C7085C0076B
:10A9F0001CD0864801788A0085498B58854A517851
:10AA00001478C278019403930092029141788A00ED
:10AA10007F4934398B5882787FA105A8FCF7A2FBC7
:10AA20004FE075A105A8FCF79DFB4AE07748017847
:10AA30008A0077498B5877494A780C78C178019415
:10AA400003930292009141788A00714934398B58FE
:10AA5000827876A105A8FCF785FB32E0708D401C5A
:10AA60007085C00716D069480178C4788A006849A3
:10AA70008B5868494A780978009401AC0EC4417833
:10AA80008A00634934398B58827863A105A8FCF7A2
:10AA900069FB16E05D4801788A005D498A585D4986
:10AAA0004B780C78C178019402930392009141781D
:10AAB0008A00574934398B5882785CA105A8FCF785
:10AAC00051FB05A8F5F7B1FB4008062148433D219D
:10AAD000081AC0B23871352102F06EFD66480123B4
:10AAE00006C805A802F02AFE3BE30321322002F04B
:10AAF00063FD012361A06268216802F01FFE00254A
:10AB0000424FAC3F28460A2148430D30C1B20520D0
:10AB100002F052FD04203856052818DA3C48A900F6
:10AB20002030415805A8F5F787FB04203856A84285
:10AB300006D1002305A86268216802F0FFFD21E02C
:10AB4000012305A86268216802F0F8FD1AE06E1D75
:10AB5000082EC9D82E48B1002030415805A8F5F775
:10AB60006BFB04203856B04206D1002305A862686A
:10AB7000216802F0E3FD05E0012305A86268216871
:10AB800002F0DCFD6D1CEDB2052DBBD3E9E2002522
:10AB90001E4EAC3E042030560300FCF726FB080591
:10ABA00099E4FDFCFBFAF92B0321322002F004FDAD
:10ABB000012334A06268216802F0C0FD0A206843C6
:10ABC0000D30C1B2052002F0F7FC052030560528F3
:10ABD00063DA0F48A9004430415805A8F5F72CFB6B
:10ABE00005203056A84251D1002305A8626821688B
:10ABF00002F0A4FDB0E20000506861736553657116
:10AC000075656E63654572726F720000AC0000205E
:10AC1000B0D90008A002002025642F25732F2564D9
:10AC200020256420253032642025730025642F25DB
:10AC3000732F25642025643A253032642025730063
:10AC400008A8000825730000000400484C6F6E67D8
:10AC5000507265737320746F20454E542E4D656E8F
:10AC6000750000004661696C206F66205472616E49
:10AC70007366657200000000840200204D454E5549
:10AC800000000000554E444552000000012305A875
:10AC90006268216802F052FD5EE26F1D042FA9D8A0
:10ACA000FE48B900415805A8F5F7C6FA0520305608
:10ACB000B84206D1002305A86268216802F03EFD73
:10ACC0004AE2012305A86268216802F037FD43E2E9
:10ACD0000321322002F070FC0123F1A06268216898
:10ACE00002F02CFD28460A2148430D30C1B2052050
:10ACF00002F062FC05203056052818DAE748A90062
:10AD00001430415805A8F5F797FA05203056A842A7
:10AD100006D1002305A86268216802F00FFD1BE23E
:10AD2000012305A86268216802F008FD14E26F1D86
:10AD3000042FB1D8D948B9001430415805A8F5F707
:10AD40007BFA05203056B84206D1002305A8626878
:10AD5000216802F0F3FCFFE1012305A86268216885
:10AD600002F0ECFCF8E103211E2002F025FC012397
:10AD7000CDA06268216802F0E1FC28460A21484320
:10AD80000D30C1B2052002F017FC0520305604E05A
:10AD900066E11AE1CEE082E036E0052818DABF4825
:10ADA000A9002830415805A8F5F746FA0520305685
:10ADB000A84206D1002305A86268216802F0BEFC03
:10ADC000CAE1012305A86268216802F0B7FCC3E16B
:10ADD0006F1D042FA3D8B148B9002830415805A8E9
:10ADE000F5F72AFA05203056B84206D1002305A807
:10ADF0006268216802F0A2FCAEE1012305A8626846
:10AE0000216802F09BFCA7E103211E2002F0D4FB85
:10AE10000123A8A06268216802F090FC28460A215C
:10AE200048430D30C1B2052002F0C6FB0520305664
:10AE3000052818DA9948A9003C30415805A8F5F7CB
:10AE4000FBF905203056A84206D1002305A8626808
:10AE5000216802F073FC7FE1012305A86268216884
:10AE600002F06CFC78E16F1D042F10D88B48B900FC
:10AE70003C30415805A8F5F7DFF905203056B842B7
:10AE800006D1002305A86268216802F057FC63E13F
:10AE9000012305A86268216802F050FC5CE10321EF
:10AEA0001E2002F089FB012386A06268216802F05F
:10AEB00045FC28460A2148430D30C1B2052002F066
:10AEC0007BFB05203056052818DA7448A90050305D
:10AED000415805A8F5F7B0F905203056A84206D12B
:10AEE000002305A86268216802F028FC34E10123F0
:10AEF00005A86268216802F021FC2DE16F1D062F74
:10AF000010D86648B9005030415805A8F5F794F9B3
:10AF100005203056B84206D1002305A86268216892
:10AF200002F00CFC18E1012305A86268216802F018
:10AF300005FC11E103211E2002F03EFB012364A069
:10AF40006268216802F0FAFB28460A2148430D3066
:10AF5000C1B2052002F030FB05203056052818DA72
:10AF60004E48A9006C30415805A8F5F765F9052051
:10AF70003056A84206D1002305A86268216802F075
:10AF8000DDFBE9E0012305A86268216802F0D6FB39
:10AF9000E2E06F1D042F10D84048B9006C304158D2
:10AFA00005A8F5F749F905203056B84206D1002327
:10AFB00005A86268216802F0C1FBCDE0012305A865
:10AFC0006268216802F0BAFBC6E003211E2002F08D
:10AFD000F3FA012342A06268216802F0AFFB284621
:10AFE0000A2148430D30C1B2052002F0E5FA0520E0
:10AFF0003056052818DA2948A9008030415805A89C
:10B00000F5F71AF905203056A84206D1002305A805
:10B010006268216802F092FB9EE0012305A8626845
:10B02000216802F08BFB97E06F1D062F10D81B489C
:10B03000B9008030415805A8F5F7FEF805203056D4
:10B04000B84206D1002305A86268216802F076FBA9
:10B0500082E0012305A86268216802F06FFB7BE0B3
:10B060000321082002F0A8FA012320A062682168C9
:10B0700002F064FB28460A2148430D30C1B2052086
:10B0800002F09AFA0520305605284BDA0348A90049
:10B090009C30415805A8F5F7CFF831E0F4D9000805
:10B0A0004F564552000000004D61696E53656C6556
:10B0B00063740000436F6E6669674E6574776F72E4
:10B0C0006B0000004461746554696D650000000008
:10B0D00053797374656D436F6E6669670000000095
:10B0E0004672657175656E637900000047656E5341
:10B0F000746172745363686564756C650000000068
:10B1000005203056A84206D1002305A862682168B0
:10B1100002F014FB20E0012305A86268216802F018
:10B120000DFB19E06F1D042F16D8DA48B9004158FD
:10B1300005A8F5F781F805203056B84206D100235E
:10B1400005A86268216802F0F9FA05E0012305A864
:10B150006268216802F0F2FA6D1CEDB2052D00D292
:10B1600018E593E10025CC4F00203856152806D06D
:10B17000162852D017287AD0182829D1E9E00321BF
:10B180000F2002F019FA0123C4A06268216802F0BE
:10B19000D5FA28460A2148430D30C1B2052002F0F5
:10B1A0000BFABD4806214156052919DAB948A9000C
:10B1B0001430415805A8F5F73FF8B7480621415625
:10B1C000A94206D1002305A86268216802F0B6FAF8
:10B1D000DBE0012305A86268216802F0AFFAD4E041
:10B1E0006F1D042F11D8AB48B9001430415805A881
:10B1F000F5F722F8A84806214156B94206D10023A6
:10B2000005A86268216802F099FABEE0012305A84A
:10B210006268216802F092FAB7E003210F2002F081
:10B22000CBF90123A1A06268216802F087FA2846C1
:10B230000A2148430D30C1B2052002F0BDF99648FD
:10B240000621415605291ADA9248A90028304158AA
:10B2500005A8F4F7F1FF904806214156A94207D10D
:10B26000002305A86268216802F068FA8DE023E0F7
:10B27000012305A86268216802F060FA85E06F1D6D
:10B28000042F11D88348B9002830415805A8F4F795
:10B29000D3FF814806214156B94206D1002305A8B3
:10B2A0006268216802F04AFA6FE0012305A862682B
:10B2B000216802F043FA68E00321082002F07CF9DB
:10B2C00001237EA06268216802F038FA0A206843F0
:10B2D0000D30C1B2052002F06FF96F4806214156CA
:10B2E000052919DA6B48A9003C30415805A8F4F744
:10B2F000A3FF694806214156A94206D1002305A8AB
:10B300006268216802F01AFA3FE0012305A862682A
:10B31000216802F013FA38E06F1D042F35D85D481C
:10B32000B9003C30415805A8F4F786FF5A48062179
:10B330004156B94206D1002305A86268216802F08F
:10B34000FDF922E0012305A86268216802F0F6F900
:10B350001BE00321052002F02FF901235CA06268A5
:10B36000216802F0EBF912212F2002F025F95D4847
:10B370000C23C35E5C4A042105A8FBF7D9FE012318
:10B3800005A87268316802F0D9F96D1CEDB2052D7F
:10B3900000D2E8E67AE0404906200856002806D0A8
:10B3A00001281FD002283CD003286FD154E003218C
:10B3B0000B2002F001F906CC01234CA002F0BEF9EB
:10B3C00012212F2002F0F8F846480A23C35E464AAD
:10B3D000042105A8FBF7ACFE06CE012305A802F068
:10B3E000ADF953E003210B2002F0E6F806CC01236F
:10B3F00042A002F0A3F912212F2002F0DDF8394813
:10B400000821415E23488900E03843583F4A04211F
:10B4100005A8FBF78DFE06CE012305A802F08EF9E4
:10B4200034E00321082002F0C7F806CC012338A03D
:10B4300002F084F912212F2002F0BEF829480423DB
:10B44000C35E294A042105A8FBF772FE06CE01233C
:10B4500005A802F073F919E00321082002F0ACF806
:10B4600006CC01232FA002F069F912212F2002F04F
:10B47000A3F81C480623C35E1B4A042105A8FBF75A
:10B4800057FE06CE012305A802F058F902F0AAF8EB
:10B490000DB0F0BD90DA00080000002047656E5343
:10B4A00074617274456E61626C65000047656E532D
:10B4B00074617274506572696F64000047656E5301
:10B4C000746172744461746554696D6500000000B4
:10B4D00047656E537461727454696D65284D696E69
:10B4E00029000000C8040020589E000853657453CA
:10B4F0007461727447656E4461746500536574537A
:10B500007461727447656E4461790000D8A20008C6
:10B51000536574537461727447656E486F757273C6
:10B5200000000000536574537461727447656E4D7A
:10B53000696E757465000000F5F746FFF9F708FEBF
:10B54000F8F700FFF8F7E8FEF8F7CEFFF9F740F854
:10B55000F9F75AF8F8F7EEFFF8F7A6FFF9F710F841
:10B560000122FA4C550229462046F5F718FF012220
:10B5700011022046F5F713FF01222946F448F5F79A
:10B580000EFF092001221021C006F5F708FF012255
:10B59000D1022046F5F703FFFF202D30F5F702FE1C
:10B5A0000020F8F717FE0120F8F714FEF9F718FA53
:10B5B00002F014F901F072FF002001F05DFFE54890
:10B5C000F8F71EFBE4480321C1720446002640340C
:10B5D00005462035E04F8037786C401C7864FCF7D6
:10B5E000F1FDB88A002803D1FDF702FFFDF790FFB7
:10B5F000D94F387E002802D03E76FEF7E7F9D648CC
:10B6000014214156007C012801D1FDF7EFFF608E27
:10B61000012802D0D04815214156CF4F64218037F0
:10B62000786CF4F765FD002908D12878002805D149
:10B63000C948007B002801D000F0ACF9C749786CFC
:10B64000F4F756FD002913D1C5481821C161F7F759
:10B65000D9F9002801D0F5F76BFBFEF7B7F9C04820
:10B660002821C161F7F7CEF9002801D0F5F760FB7A
:10B67000B948C07B002830D0A08D00286ED0B649D4
:10B680000A22C88EA25E904227DD1A22A25E904254
:10B6900023DA3822888FA25E90421EDD0021795E77
:10B6A00088421ADAAF48786301221102A748F5F7F9
:10B6B00076FE012100224902A448F5F770FE02201F
:10B6C000E870A548012141737D21C900B982032199
:10B6D000C175A249491E7964C6739F48807B0028C2
:10B6E0002FD0A08D00287DD09B490A22C88DA25E54
:10B6F000904226DD1A22A25E904222DA3822888EFB
:10B70000A25E90421DDD0021795E884219DA9548DB
:10B710007863012251028D48F5F741FEFF21002296
:10B7200001318A48F5F73BFE0121E9708A484173EF
:10B730007D21C900B9820321C1758849491E7964F8
:10B740008673854888498030406CF4F7D1FC002925
:10B7500000D03FE7A08D00287ED0C1E07E4A0A20BD
:10B76000D18E205E8142B8DD0A20138F205E834295
:10B77000B3DD10460A22408FA25E9042ADDD1A2250
:10B78000A25E9142A9DA1A227349A25E9342A4DA18
:10B790001A22A25E9042A0DA3822888FA25E9042DE
:10B7A0009BDD0021795E884297DA6E48786301223A
:10B7B00011026648F5F7F3FD0121002249026348B2
:10B7C000F5F7EDFD0220E8706348012141737D210A
:10B7D000C900B9820321C1756049491E7964C673E5
:10B7E0007BE7FFE75C4A0A20D38D205E8342A8DD19
:10B7F0000A20118E205E8142A3DD10460A22408E6F
:10B80000A25E90429DDD1A22A25E934299DA1A232B
:10B81000514AE35E994294DA1A21615E884290DAD5
:10B820003821908E615E88428BDD0021795E8842EE
:10B8300087DA4C487863012251024448F5F7AFFD9E
:10B84000FF21002201314148F5F7A9FD0121E970EE
:10B85000414841737D2100E008E0C900B98203211D
:10B86000C1753E49491E796486736AE73A4F387B51
:10B87000002835D0B878002832D1E878012803D0E4
:10B88000E878022818D02BE00020FDF7A5FD00285D
:10B8900003D00120B8777E700CE0B87FF97F0843B1
:10B8A00007D07878401CC0B27870052802D3BE77E4
:10B8B00000E0BE77FE7713E00120FDF78DFD002844
:10B8C00003D00120F8777E7009E0F87F002806D0C9
:10B8D0007878401CC0B27870052800D3FE77BE7718
:10B8E000FDF75EFE09200421C006F5F750FD1F4B51
:10B8F000072201210020F5F77DF9174F80373882A4
:10B9000001211A4B07220846F5F774F97882A08EB8
:10B9100000282DD0A08E012803D0608E012800D0F1
:10B9200058E6608E002826D0092000220821C00693
:10B93000F5F735FDE878012824D0E8780228EFD122
:10B94000010300220248F5F72AFD43E600040048FF
:10B9500000080048F005002000000020204E0000F4
:10B960002805002088130000B8880000FFFF0000B1
:10B97000FDF7C2FE2EE6092001220821C006F5F7D8
:10B980000EFDD7E7012251030148F5F708FD21E636
:10B9900000080048F0B58BB0FE4CA08D254600266F
:10B9A0000127203D00283BD0A08D01287ED100201A
:10B9B000F5F796FA2146403188640020F5F74AFAF7
:10B9C00021464031486502900846806CF4F7DAFE63
:10B9D000214680B24039C8850A2808D20846C68563
:10B9E000024602988032F905884200DB5665E94834
:10B9F0004030406DF4F7C6FEE64B80B2403B98867F
:10BA00001946803100228A5E90427DDB197F1A46FA
:10BA1000491CC9B21977052901D905211177FBE322
:10BA20000020F5F75DFADB49403188640020F5F726
:10BA30006BFAD8494031C8640020F5F779FAD54946
:10BA4000403108650020F5F705FAD24940314865D4
:10BA50000020F5F78BFACF49403188660020F5F7D2
:10BA600099FACC494031C8660020F5F7A7FAC949D0
:10BA7000403108670846C36E826EC16C806CF5F772
:10BA8000F9F9F4F77FFEC3494039C887084680308A
:10BA9000036FC26E016DC06CF5F7ECF9F4F772FE3E
:10BAA0002080BC484030836E026F00E032E2816C3F
:10BAB000006DF5F7DFF9F4F765FE6080B5484030BA
:10BAC000806CF4F75FFEB34980B24039C8850A90B4
:10BAD00008468030C06CF4F755FEAE4980B240395C
:10BAE0000886099008468030006DF4F74BFE81B25D
:10BAF000A848403841860A980A2802D2A54840380A
:10BB0000C685A448403800E0F6E3099A0A2A00D224
:10BB100006860A2900D246869E484038C08D089085
:10BB20000A280AD29B484038018E0A2905D2408E45
:10BB30000A2802D297484030466596484030406D0A
:10BB4000F4F720FE934A80B2403A90861146803145
:10BB50000023CB5E984208DB117F491CC9B21177E4
:10BB6000052903D90521117700E016770A22A25E84
:10BB70000899914228DD874B403B198E0A22A25E2C
:10BB80008C46914220DD0A22598EA25E91421BDD35
:10BB90001A23E35E089A9A4216DA1A23E35E9C455A
:10BBA00012DA1A22A25E91420EDA3821615E8842D0
:10BBB0000ADD7849403100228A5E904204DA002092
:10BBC000FDF70AFC00287DD06E70092000220121BB
:10BBD000C006F5F7E4FB012251036F48F5F7DFFBE0
:10BBE0000120F5F77DF96B49403188650120F5F7B3
:10BBF0008BF968494031C8650120F5F799F9654925
:10BC0000403108660120F5F725F962494031486660
:10BC10000120F5F7ABF95F49403188660120F5F75F
:10BC2000B9F95C494031C8660120F5F7C7F95949AF
:10BC3000403108670846C36E826EC16D806DF5F7AE
:10BC400019F9F4F79FFDA08052484030036FC26E8F
:10BC5000016EC06DF5F70EF9F4F794FDE0804D48E4
:10BC60004030836E026F816D006EF5F703F9F4F7D3
:10BC700089FD208147484030806DF4F783FD81B213
:10BC800044484038C18607918030C06DF4F77AFD92
:10BC9000404980B240390887069008468030006EDF
:10BCA000F4F770FD3B4980B24039488707990A296B
:10BCB00002D238494039CE863649069A40390A2A96
:10BCC00002D200E02DE00E870A2800D24E873148CC
:10BCD0004038C08E05900A280AD22E484038018F7D
:10BCE0000A2905D2408F0A2802D22A4840304666E7
:10BCF00028484030406EF4F745FD264B80B2403B6B
:10BD000098871946803100228A5E904217DB597F5E
:10BD10001A46491CC9B25977052911D9052151770D
:10BD20000EE06F70012209201146C006F5F737FBBF
:10BD30000121002249031848F5F731FB50E75E77EF
:10BD40000A22A25E059991422DDD124B403B198FCC
:10BD50000A22A25E8C46914225DD0A22598FA25EFC
:10BD6000914220DD1A23E35E059A9A421BDA1A23D8
:10BD7000E35E9C4517DA1A22A25E914213DA38215B
:10BD8000615E88420FDD0349403100228A5E9042A5
:10BD900009DA03E040000020000400480120FDF71C
:10BDA0001BFB002808D0AE70A08E012812D0FE48E0
:10BDB000007C00281AD01FE0AF7009200122022168
:10BDC000C006F5F7ECFAFF2100220131F748F5F73C
:10BDD000E6FA11E0092000220221C006F5F7DFFA99
:10BDE00001221102F148F5F7DAFA05E009200022F4
:10BDF0000221C006F5F7D3FAEB48817B002906D073
:10BE00006978002903D0A978002900D08673C17B06
:10BE1000002906D0A978002903D06978002900D02C
:10BE2000C673017B002975D0618E002972D1618DA6
:10BE300001291DD0DC480A21C08E615E88420FDDD9
:10BE4000D94B0A22198FA25E914209DD0A22598F2D
:10BE5000A25E914204DD3822998FA25E914206DCF7
:10BE6000D1498A78002A70D08A78072AFBD0FCE270
:10BE7000CD480A21C08D615E88420FDDCA480A2282
:10BE8000018EA25E914209DD0A22418EA25E91429C
:10BE900004DD3821808E615E884275DCC24880787E
:10BEA000002803D0C048807807286DD10120FDF715
:10BEB00093FA002868D1BC480A22C18DA25E914243
:10BEC00009DD0A22018EA25E914204DD0A22418E22
:10BED000A25E914208DC0E21615E7D22D2005143B8
:10BEE000B14A803291610BE0AF49803108228A5E0D
:10BEF0007D23DB005A438A618969002900D10772DA
:10BF00008770A94980318969002904D0817A002984
:10BF100039D039E040E26E70A34802218170A08ED2
:10BF2000012807D000220903A048F5F738FA9E48F7
:10BF3000077429E0A878002804D00120FDF74CFA06
:10BF4000002803D09848C7731EE027E29649984816
:10BF500080314863012211029648F5F720FA012149
:10BF6000002249029348F5F71AFA0220E8708E4A37
:10BF700057737D20C0001146803188820320D07520
:10BF80008D48486400E0877287480A22C18DA25E0E
:10BF9000914216DD0A23028EE35E9A4211DD0A23E6
:10BFA000428EE35E9A420CDD3823828EE35E9A4233
:10BFB00007DD8278012A04D10246803296618670BC
:10BFC00086720C20205E814250DB77480C22018E65
:10BFD000A25E91427DDB0C22418EA25E914278DB13
:10BFE0003A22818EA25E914273DB8078022870D162
:10BFF0000020FDF7F1F900286BD16B480C22C18DB0
:10C00000A25E91420CDB0C22018EA25E914207DB04
:10C010000C22418EA25E914202DB017A00290ED0F1
:10C02000A978002918D0604980310A228A5E7D23D0
:10C03000DB005A43CA61C96900290CD00CE0A97819
:10C04000002909D01021615E7D22D2005143564A59
:10C050008032D16100E00672032181705249803143
:10C06000C969002903D0817A002931D031E06F708D
:10C07000817803292DD14C488670A08E012807D0E5
:10C08000012251034948F5F78AF94748067420E030
:10C090004549474880314863FF2100220131454826
:10C0A000F5F77DF9012251024248F5F778F9EF7072
:10C0B0003D4847737D21C9000246803291820321A9
:10C0C000C1753D495164C17B002902D0C67300E0AF
:10C0D000877235490C22C88DA25E90420EDD0C237A
:10C0E0000A8EE35E9A4209DD0C234A8EE35E9A4291
:10C0F00004DD3A238A8EE35E9A4208DC8A78032ABA
:10C1000005D102228A70284A8032D6618E721A21A5
:10C11000615E88420DDA244B1A22198EA25E91428A
:10C1200007DA1A22598EA25E914202DA197F052996
:10C1300074D31D498A78002A02D08A78032A6DD1E7
:10C14000AA78002A6AD01A22A25E904209DA1A223C
:10C15000088EA25E904204DA1A22488EA25E9042B5
:10C160000BDB087F052808D21E20205E7D22D2002E
:10C1700050430D4A803210620BE00B488030082299
:10C18000825E7D23DB005A430262006A002800D1F0
:10C190004F7205208870044A8032106A00280DD042
:10C1A000887A002839D039E00000002000080048D3
:10C1B00088130000000400481F4E00006E70FF4905
:10C1C00006208870A08E012808D001210022490392
:10C1D000FB48F5F7E4F8F94807741FE0F749F94818
:10C1E0008031486301221102F748F5F7D8F80121A0
:10C1F00000224902F448F5F7D2F80220E870EF482F
:10C2000047737D21C9000246803291820321C175A6
:10C21000EE481146486401E038E38F72E7481A217E
:10C22000C08D615E884217DCE44B1A22198EA25E33
:10C23000914211DC1A22598EA25E91420CDC194601
:10C240008A8E80310023CB5E9A4205DC80398A7861
:10C25000052A01D18E708E721C21615E88427BDCC2
:10C26000D64B1C22198E0491A25E914274DC598E29
:10C270001C22A25E8C4691426EDC19468A8E803169
:10C280000223CB5E9A4267DC80398A78062A63D122
:10C290000B461C21615E88420CDC1C22A25E0499C4
:10C2A0001846914206DC1C22A25E944502DC407ACC
:10C2B00000280BD0C14880300A21415E7D22D20087
:10C2C00051434162406A002809D009E02020205EE5
:10C2D0007D21C9004843B9498031486200E05E725F
:10C2E000072118469970B54980314A6A002A04D05E
:10C2F000817A00292FD02FE0C7E26F708278072A59
:10C300002AD1AE488670A08E012807D001225103A1
:10C31000AB48F5F744F8A94806741DE0A749A948B9
:10C3200080314863FF2100220131A748F5F737F833
:10C3300001225102A448F5F732F8EF709F48477385
:10C340007D21C9000246803291820321C1759F4937
:10C350008030416400E0877298481C22C18DA25E43
:10C36000914210DA1C22018EA25E91420BDA1C224D
:10C37000418EA25E914206DA014680310223828E0E
:10C38000CB5E9A4208DB8178002905D181780729A4
:10C3900002D10621817086720BB0F0BD0A21615E68
:10C3A00088420BDD854A0A21138F615E8B4205DDD1
:10C3B00011460A22498FA25E914208DC0E20205EBF
:10C3C0007D21C90048437D498031886118E01A22E7
:10C3D000A25E904214DC1A20784A205E83420FDC71
:10C3E0001A20205E81420BDC104680300821415E1D
:10C3F0007D23DB00594381618069002800D11772D9
:10C400006E488770014680318A69002A03D0817A9C
:10C41000002929D029E0AE70684802228270A08EDF
:10C42000012822D1687800281BD0644965488031F2
:10C430004863FF21002201316348F4F7B0FF012275
:10C4400051026148F4F7ABFFEF705C4A57737D20EF
:10C45000C0001146803188820320D0755B48486453
:10C4600003E05648877300E0877254490A22C88E59
:10C47000A25E904216DD0A230A8FE35E9A4211DD26
:10C480000A234A8FE35E9A420CDD38238A8FE35EEB
:10C490009A4207DD8A78012A04D10A4680329661E1
:10C4A0008E708E720C21615E884253DB434B0C22EE
:10C4B000198FA25E8C4691424CDB598F0C23E35EB0
:10C4C000994247DB3D4A938F3A22A25E934241DB79
:10C4D0003A4B9A78022A7CD10C23E35E98420BDB1C
:10C4E0000C23E35E9C4507DB0C23344AE35E994250
:10C4F00002DB127A002A0BD0304880300A21415EDC
:10C500007D22D2005143C161C069002815D016E0D8
:10C510001A22A25E904212DC1A22A25E94450EDC20
:10C520001A20205E81420ADC1020205E7D21C90095
:10C53000484322498031C86101E0204806721F4803
:10C540000321817001468031C969002903D0817AB5
:10C5500000293DD03DE0AF708178032939D11748DB
:10C560008670A08E012807D0012251031448F4F7E9
:10C5700016FF124806742CE01049124880314863B7
:10C58000012211021048F4F70AFF0121002249029A
:10C590000D48F4F704FF0220E870084847737D2136
:10C5A000C9000246803291820321C1750749516456
:10C5B000817B00290DD086730BE000000000002075
:10C5C0000008004888130000000400481F4E0000C7
:10C5D0008772F7490C22C88EA25E90420EDD0C23B2
:10C5E0000A8FE35E9A4209DD0C234A8FE35E9A428A
:10C5F00004DD3A238A8FE35E9A4208DC8A78032AB4
:10C6000005D102228A70EA4A8032D6618E721A21DE
:10C61000615E88420DDAE64B1A22198FA25E9142C2
:10C6200007DA1A22598FA25E914202DA597F052950
:10C6300068D3DF498A78002A02D08A78032A61D138
:10C640006A78002A5ED01A22A25E904209DA1A2283
:10C65000088FA25E904204DA1A22488FA25E9042AE
:10C660000BDB487F052808D21E20205E7D22D200E9
:10C670005043CF4A803210620BE0CD488030082210
:10C68000825E7D23DB005A430262006A002800D1EB
:10C690004F7205208870C64A8032106A002803D085
:10C6A000887A00282DD02DE0AE70C1490620887010
:10C6B000A08E012808D0012100224903BD48F4F7CB
:10C6C0006EFEBB4807741DE0B949BB488031486322
:10C6D000FF2100220131B948F4F761FE0122510225
:10C6E000B648F4F75CFEEF70B14847737D21C9008E
:10C6F0000246803291820321C175B14811464864D7
:10C7000000E08F72AA481A21C08E615E884217DC51
:10C71000A74B1A22198FA25E914211DC1A22598F5F
:10C72000A25E91420CDC19468A8F80310023CB5ED9
:10C730009A4205DC80398A78052A01D18E708E7282
:10C740001C21615E88427EDC994B1C22198F03916B
:10C75000A25E914277DC598F1C22A25E8C469142E8
:10C7600071DC19468A8F80310223CB5E9A426ADCE3
:10C7700080398A78062A66D1CA7F002A63D10B469F
:10C780001C21615E88420CDC1C22A25E03991846C3
:10C79000914206DC1C22A25E944502DC407A00280D
:10C7A0000BD0834880300A21415E7D22D200514364
:10C7B0004162406A002809D009E02021615E7D20A5
:10C7C000C00041437A488030416200E05E72072138
:10C7D00018469970764980314A6A002A03D0817AD6
:10C7E00000292FD02FE0AF708278072A2BD1704814
:10C7F0008670A08E012807D0012251036D48F4F7FE
:10C80000CEFD6B4806741EE069496B488031486371
:10C81000012211026948F4F7C2FD012100224902F8
:10C820006648F4F7BCFD0220E870614847737D213B
:10C83000C9000246803291820321C17560481146C9
:10C84000486400E087725A481C22C18EA25E914261
:10C8500011DA1C21028F615E8A420CDA1C22418FA0
:10C86000A25E914207DA014680310023828FCB5EBF
:10C870009A4200DA90E581780029FBD18178072976
:10C88000F8D106218170867286E51E7748490A2212
:10C89000C98DA25E91421BDD1A22A25E914217DA77
:10C8A0003821615E884213DD4149803100228A5E71
:10C8B00090420DDA6F70012209201146C006F4F78C
:10C8C0006EFD0121002249033C48F4F768FD0BE0AE
:10C8D0006E70092000220121C006F4F760FD0122DC
:10C8E00051033648F4F75BFD0120F4F7F9FA3049BB
:10C8F000803188650120F4F7ADFA2D498031486612
:10C9000001900846806DF3F73DFF294980B2C88643
:10C910000A2809D20846C6860246012101988032BB
:10C92000C905884200DB566621488030406EF3F727
:10C9300029FF1F4B80B298871946803100228A5EFA
:10C94000904209DB597F1A46491CC9B2597705291B
:10C9500003D90521517700E05E7715490A22C98E77
:10C96000A25E91421BDD1A22A25E914217DA3821A3
:10C97000615E884213DD0E49803100228A5E90425A
:10C980000DDAAF70092001220221C006F4F707FD7D
:10C99000FF21002201310748F4F701FD29E0AE70C4
:10C9A000A08E01280ED00248007C002816D020E07E
:10C9B0000000002000080048881300000004004820
:10C9C0001F4E0000092000220221C006F4F7E7FCF8
:10C9D00001221102FC48F4F7E2FC0AE009200022DF
:10C9E0000221C006F4F7DBFC01221102F648F4F73D
:10C9F000D6FCF648817B002906D06978002903D04F
:10CA0000A978002900D08673C17B002906D0A978B7
:10CA1000002903D06978002900D0C673017B002962
:10CA200000D1B9E4618E0029FBD1618D012913D0B9
:10CA3000E6480A21C08E615E884205DDE34938225E
:10CA4000898FA25E914206DCE0498A78002A7DD077
:10CA50008A78072AFBD0BDE2DC480A21C08D615EDE
:10CA6000884205DDD9493822898EA25E91425ADC7E
:10CA7000D6498A78002A02D08A78072A53D10A2216
:10CA8000A25E904208DC0E20205E7D22D200504340
:10CA9000CE4A8032906107E0CC4880300822825E26
:10CAA0007D23DB005A4382618F70C84880308269E1
:10CAB000002A03D0887A002834D034E06E70C3494D
:10CAC00002228A70A18E012908D001210022490387
:10CAD000BD48F4F764FCBD48077424E0A978002938
:10CAE0001DD0BA48BA498030416301221102B948C9
:10CAF000F4F755FC012100224902B648F4F74FFC37
:10CB00000220E870B1494F737D20C0000A46803290
:10CB100090820320C875B0488031486403E0AB4878
:10CB2000C77300E08F72A9480A21C08D615E8842F8
:10CB30000FDDA64938238A8EE35E9A4209DD8A78A2
:10CB4000012A06D10A468032966100E0EDE18E703E
:10CB50008E720C21615E88425BDB9C493A238A8E8F
:10CB6000E35E9A4255DB8A78022A52D10B460C21A9
:10CB7000615E884202DB187A002813D09348803027
:10CB80000A21415E7D22D2005143C1610321184632
:10CB900099708E498031C96900290CD0817A0029A9
:10CBA00036D036E01020205E7D21C90048438749F9
:10CBB0008031C861EAE76F708178032929D1834801
:10CBC0008670A08E012807D0012251037E48F4F719
:10CBD000E6FB7E4806741CE07C497D488031486352
:10CBE000FF21002201317B48F4F7D9FB01225102D9
:10CBF0007848F4F7D4FBEF70744A57737D20C00077
:10CC00001146803188820320D0757348486400E063
:10CC100087726E490C22C88DA25E904204DD3A23D1
:10CC20008A8EE35E9A4208DC8A78032A05D10222C2
:10CC30008A70664A8032D6618E721A21615E88429D
:10CC400003DA6249097F052963D360498A78002A9B
:10CC500002D08A78032A5CD11A22A25E90420BDBB2
:10CC6000087F052808D21E20205E7D22D200504376
:10CC7000564A803210620BE0544880300822825EAF
:10CC80007D23DB005A430262006A002800D14F7204
:10CC9000052088704D4A8032106A002803D0887AB7
:10CCA000002835D035E06E70484906208870A08E87
:10CCB000012808D00121002249034348F4F76FFB03
:10CCC0004248077425E0A87800281ED03F49404814
:10CCD00080314863012211023E48F4F760FB0121D4
:10CCE000002249023B48F4F75AFB0220E870374A19
:10CCF00057737D21C9001046803081820320D07592
:10CD0000114635488031486403E03048C77300E07D
:10CD10008F722E481A21C08D615E88420CDC2B492F
:10CD20008A8E80310023CB5E9A4205DC80398A7876
:10CD3000052A01D18E708E721C21615E88426ADCE8
:10CD400022498A8E80310223CB5E9A4263DC80398D
:10CD50008A78062A5FD11C22A25E904202DC487AC1
:10CD600000280BD0194880300A22825E7D23DB0028
:10CD70005A434262406A002809D009E02020205E20
:10CD80007D22D2005043114A8032506200E04E7240
:10CD9000072088700D488030426A002A03D0887AC4
:10CDA000002837D037E06F708A78072A33D10749D7
:10CDB0008E70A18E012911D0012251030248F4F78F
:10CDC000EEFA0248067426E0000800480000002041
:10CDD00088130000000400481F4E0000F748F64981
:10CDE0004163FF2100220131F548F4F7D8FA01220E
:10CDF0005102F348F4F7D3FAEF70F04A803A5773D0
:10CE00007D21EE48C90081820320D075EB49ED48B1
:10CE1000486400E08F72E94880381C21C08D615E53
:10CE2000884207DAE54980398A8E80310223CB5E59
:10CE30009A420ADBE14980398A78002A02D08A784E
:10CE4000072A02D106228A708E720A21615E884208
:10CE50001DDDDA4980391A22A25E904217DA888EE7
:10CE60003821615E884212DDD44900228A5E9042F8
:10CE70000DDA6F70012209201146C006F4F78FFA0F
:10CE8000012100224903CE48F4F789FA0BE06E70C5
:10CE9000092000220121C006F4F781FA0122510382
:10CEA000C748F4F77CFAC54980390A22C88EA25EC9
:10CEB00090421BDD1A22A25E904217DA3822888F38
:10CEC000A25E904212DDBD4A0023D35E98420DDA85
:10CED000AF70092001220221C006F4F760FAFF2199
:10CEE00000220131B848F4F75AFACDE4AE70A08EB2
:10CEF00001280ED0087C0028F7D109200022022149
:10CF0000C006F4F74CFA01221102AF48F4F747FAD1
:10CF1000BAE4092000220221C006F4F740FA0122F7
:10CF20001102A948F4F73BFAAEE40A22A25E90424D
:10CF300007DC0E20205E7D22D20050439F4A906184
:10CF40000AE09E480822825E7D23DB005A4382610C
:10CF50008069002800D10F728F7098488269002A7A
:10CF600003D0887A002834D034E0AE70934902228E
:10CF700080398A70A18E012909D00121002249033C
:10CF80009148F4F70CFA8D488038077422E06978EC
:10CF900000291AD0894888494163FF2100220131C4
:10CFA0008748F4F7FCF9012251028548F4F7F7F9B4
:10CFB000EF70824A803A57737D208049C000888292
:10CFC0000320D0757F48486404E07C48803887732C
:10CFD00000E08F72794880380A21C08E615E8842F5
:10CFE0000DDD7649803938238A8FE35E9A4206DD6B
:10CFF0008A78012A03D1714A96618E708E720C2153
:10D00000615E88425FDB6D4B803B3A22998FA25E66
:10D01000914258DB9978022955D10C21615E8842F2
:10D0200002DB187A00280AD064480A21415E7D227A
:10D03000D2005143C161C069002808D008E0102027
:10D04000205E7D21C90048435C49C86100E01E7232
:10D050000321184699705949C969002903D0817A7A
:10D0600000292FD02FE0AF70817803292BD15348AE
:10D0700080388670A08E012808D0012251035248C2
:10D08000F4F78DF94D48803806741CE04B494A4846
:10D090004863012211024A48F4F781F90121002274
:10D0A00049024748F4F77BF90220E870434A803A86
:10D0B00057737D204149C00088820320D0754148C4
:10D0C000486400E087723D4980390C22C88EA25E18
:10D0D000904204DD3A238A8FE35E9A4207DC8A7825
:10D0E000032A04D102228A70344AD6618E721A2130
:10D0F000615E884204DA31498039497F052969D364
:10D100002E4980398A78002A02D08A78032A61D190
:10D110001A22A25E90420ADB487F052807D21E2011
:10D12000205E7D22D2005043244A10620AE0234848
:10D130000822825E7D23DB005A430262006A0028D7
:10D1400000D14F72052088701C4A106A002803D055
:10D15000887A00283DD03DE0AE701849062080391D
:10D160008870A08E012809D00121002249031648A9
:10D17000F4F715F91148803807742BE06878002817
:10D1800024D00E490C484863FF21002201310C488D
:10D19000F4F705F9012251020948F4F700F9EF709C
:10D1A000064A803A57737D200449C00088820320D4
:10D1B000D075044848640DE088130000800000200A
:10D1C000000400481F4E0000000800488148877393
:10D1D00000E08F727F481A21C08E615E88420CDCAD
:10D1E0007C498A8F80310023CB5E9A4205DC8039EE
:10D1F0008A78052A01D18E708E721C21615E884268
:10D2000061DC74498A8F80310223CB5E9A425ADCFA
:10D2100080398A78062A56D11C22A25E904202DC0E
:10D22000487A00280BD06B4880300A22825E7D232A
:10D23000DB005A434262406A002809D009E02020FE
:10D24000205E7D22D2005043624A8032506200E06C
:10D250004E72072088705F488030426A002A03D0EF
:10D26000887A00282ED02EE0AF708A78072A2AD13B
:10D2700058498E70A18E012907D0012251035648CA
:10D28000F4F78DF8534806741DE052485349803036
:10D290004163012211025248F4F781F80121002272
:10D2A00049024F48F4F77BF80220E870494A577367
:10D2B0007D20C0001146803188820320D075494806
:10D2C000486400E08F7243481C22C18EA25E9142E6
:10D2D00006DA014680310223828FCB5E9A4208DB58
:10D2E0008178002902D08178072902D10621817036
:10D2F000867238480A21C08D615E88421DDD1A227F
:10D300003449A25E904218DA888E3821615E8842E4
:10D3100013DD3049803100228A5E90420DDA6F7051
:10D32000012209201146C006F4F739F80121002234
:10D3300049032B48F4F733F80BE06E700920002204
:10D340000121C006F4F72BF8012251032448F4F719
:10D3500026F820490A22C88EA25E90421CDD1A22BD
:10D36000A25E904218DA3822888FA25E904213DDC6
:10D370000A4680320023D35E98420DDAAF7009204E
:10D3800001220221C006F4F70AF8FF210022013130
:10D390001148F4F704F8A8E5A08E01280ED0087C07
:10D3A0000028F8D1092000220221C006F3F7F7FF78
:10D3B000012211020848F3F7F2FF96E50920002246
:10D3C0000221C006F3F7EBFF012211020248F3F736
:10D3D000E6FF8AE5000000200008004888130000EE
:10D3E000000400481F4E0000F8B506460C46F3F74F
:10D3F000F4FA051E0F4600D00120014349000B48F6
:10D400004908411AC90F0DD0002E01D0012100E0BA
:10D4100000210C4361004908401AC00F02D10120CD
:10D42000FAF764FA28463946F8BD00000000F07F9C
:10D4300030B5802815D2402913D20D4B1B79002B13
:10D4400002D0002A0ED000224C070123640FA34013
:10D45000C908C901074D0818012A05D0295C99435C
:10D46000295430BD0122EFE7295C1943295430BD0E
:10D470007C0200206418002010B50021064B012416
:10D48000A402002805D0FF225A54491CA142F8D317
:10D4900010BD0022F8E700006418002010B500F06D
:10D4A00063F86420F3F77EFE002000F08BF8202064
:10D4B00000F006F9002000F003F9B02000F000F9B8
:10D4C000C82000F0FDF8002000F0FAF8102000F06D
:10D4D000F7F8402000F0F4F8FF2000F063F8A120F6
:10D4E00000F0EEF8A62000F0EBF8A82000F0E8F835
:10D4F0003F2000F0E5F8A42000F0E2F8D32000F08F
:10D50000DFF8002000F0DCF8D52000F0D9F8F0209A
:10D5100000F0D6F8D92000F0D3F8222000F0D0F89F
:10D52000DA2000F0CDF8122000F0CAF8DB2000F07D
:10D53000C7F8202000F0C4F88D2000F0C1F81420B6
:10D5400000F0BEF8012000F03DF80020FFF794FF46
:10D5500000F048F803480021018041800121417119
:10D5600010BD00007C02002070B5012280210B4814
:10D57000F3F715FF01240A4D240300222146284613
:10D58000F3F70DFF0A20F3F70DFE0122214628468E
:10D59000F3F705FF0A20F3F705FE70BD0008004809
:10D5A0000004004810B50446812000F089F82046A8
:10D5B00000F086F810BD0000014A108051807047CD
:10D5C0007C02002010B50649002803D0AF200122BC
:10D5D0008A7102E0AE2000228A7100F071F810BD5D
:10D5E0007C02002070B500240A4D2046B030C0B245
:10D5F00000F066F8002000F063F8102000F060F8FA
:10D60000E0014019802100F079F8641CE4B2082C94
:10D61000EBD370BD64180020FFB582B002982038AB
:10D6200001905F2802D3002006B0F0BD2349684670
:10D630000A88007B00901018802806D808466946A2
:10D6400040884E7B8019402801D90020ECE7002556
:10D6500028E0019804997043401940000F5A0024B3
:10D660001CE03846A04000040AD51448059A817889
:10D67000007849190019C9B2C0B2FFF7D9FE0CE011
:10D680000598002817D000220C48817800784919A5
:10D690000019C9B2C0B2FFF7CBFE641C0098A042CB
:10D6A000DFD86D1CAE42D4D80448009902885118C6
:10D6B00001800298B8E70122E6E700007C02002022
:10D6C00031B50C4C002280212046F3F768FE002281
:10D6D00040212046F3F763FE0023DB430122694625
:10D6E0000548F5F737FB012280212046F3F757FE66
:10D6F00038BD0000000800482805002070B5064627
:10D700000C460C4D002280212846F3F748FE0122EA
:10D7100040212846F3F743FE0023A2B2DB43314603
:10D720000548F5F717FB012280212846F3F737FE5D
:10D7300070BD000000080048280500203FB50446E1
:10D740001D460BE02B46029A0199FFF765FF2178F1
:10D75000884202D0207804B030BD641C20780028B4
:10D76000F0D12078F7E700001A4841894182818989
:10D770008182C189C182018A0183418B4184818B6D
:10D780008184C18BC184018C0185418DC185818DCE
:10D790000186818EC186018F8187418FC18740308C
:10D7A000018881804188C180018981814189C1814D
:10D7B0000948428801460E314A8002880A8042891F
:10D7C0004A8102890A8182888A80C288CA808089C7
:10D7D0008881704740000020C8040020F8B5564CEE
:10D7E000A08E0125002806D1608E002803D1658512
:10D7F00020462038C570608D4F4EFF2101314F4FBC
:10D800004036002804D0012828D0022877D14DE0E6
:10D8100001223846F3F7C3FD012251023846F3F7DF
:10D82000BEFD002202213846F3F7B9FD0022102187
:10D830004348F3F7B4FD012291033846F3F7AFFDF7
:10D840000122D1033846F3F7AAFD002060853A484B
:10D85000403845737D20C000B08250E03948706385
:10D8600000223846F3F79BFD012251023846F3F7B8
:10D8700096FD012202213846F3F791FD0022102186
:10D880002F48F3F78CFD0121002289033846F3F776
:10D8900086FD0122D1033846F3F781FD65852648D0
:10D8A000403845737D20C000B08228E02548706371
:10D8B00001223846F3F773FD012100224902384660
:10D8C000F3F76DFD002202213846F3F768FD0122CF
:10D8D00010211B48F3F763FD012291033846F3F74B
:10D8E0005EFD01210022C9033846F3F758FD0220EE
:10D8F00060851148403845737D20C000B082608E3D
:10D9000000280CD0012814D1012211463846F3F723
:10D9100046FD002220210A48F3F741FD09E00022DC
:10D9200001213846F3F73BFD012220210448F3F79B
:10D9300036FD04487063F8BD400000200004004834
:10D940000008004888130000004A616E00466562C6
:10D95000004D617200417072004D6179004A756E30
:10D96000004A756C0041756700536570004F637421
:10D97000004E6F76004465630000000048D900083F
:10D9800049D900084DD9000851D9000855D90008D7
:10D9900059D900085DD9000861D9000865D9000887
:10D9A00069D900086DD9000871D9000875D9000837
:10D9B00004DB000805DB000809DB00080DDB0008BC
:10D9C00011DB000815DB000819DB00081DDB00086F
:10D9D00021DB000833DB000844DB000855DB0008CE
:10D9E00066DB000877DB000885DB000897DB0008B2
:10D9F000A5DB0008ACDB0008BEDB0008D0DB0008BC
:10DA0000E2DB0008F4DB0008FBDB00080CDC0008AC
:10DA10001DDC00082EDC00083FDC000846DC0008A6
:10DA200050DC00085ADC00085BDC00085CDC000805
:10DA30006BDC000872DC000879DC00087ADC000886
:10DA40007BDC00088ADC000895DC0008A1DC00080B
:10DA5000ACDC0008B8DC0008C5DC0008D5DC000838
:10DA6000DCDC0008EDDC0008FEDC0008FFDC000860
:10DA700000DD00080FDD000821DD000833DD0008AF
:10DA800044DD000855DD000866DD000877DD00088C
:10DA90007EDD00088FDD000898DD0008A4DD0008A9
:10DAA000B0DD0008B7DD0008C1DD0008CADD0008F0
:10DAB000CBDD0008CCDD0008DBDD0008E3DD00087D
:10DAC000ECDD0008F6DD0008F7DD000806DE0008E2
:10DAD0000DDE000819DE000821DE00082ADE00083D
:10DAE00031DE000838DE00083EDE000844DE0008B3
:10DAF00050DE000851DE000856DE00085BDE00083C
:10DB000066DE00080053756E004D6F6E005475653B
:10DB1000005765640054687500467269005361746B
:10DB200000312E566F6C74556E646572436F6E666D
:10DB3000696700322E566F6C744F766572436F6E54
:10DB400066696700332E5072696F72697479436F2A
:10DB50006E66696700342E414353797374656D4373
:10DB60006F6E66696700352E4461746554696D6532
:10DB7000436F6E66696700362E53797374656D2046
:10DB80005479706500372E4672657175656E6379DC
:10DB9000436F6E66696700382E47656E536368652C
:10DBA00064756C6500392E4578697400312E566FA6
:10DBB0006C74556E6465724375746F666600322EC0
:10DBC000566F6C74556E64657252657475726E0032
:10DBD000332E54696D65556E6465724375746F6656
:10DBE0006600342E54696D65556E646572526574B5
:10DBF00075726E00352E4578697400312E566F6C43
:10DC0000744F7665724375746F666600322E566F78
:10DC10006C744F76657252657475726E00332E5453
:10DC2000696D654F7665724375746F666600342E54
:10DC300054696D654F76657252657475726E003504
:10DC40002E4578697400312E536F7572636531000B
:10DC5000322E536F75726365320000002A454E54B0
:10DC60002053617665264578697400312E3350342F
:10DC70005700322E315032570000002A454E5420B2
:10DC800053617665264578697400312E536574209A
:10DC90004461746500322E536574204D6F6E746854
:10DCA00000332E536574205965617200342E53651C
:10DCB0007420486F75727300352E536574204D695A
:10DCC0006E75746500362E536574204461796F66F5
:10DCD0007765656B00372E4578697400312E2031E9
:10DCE000234D61696E20322347656E7300322E200A
:10DCF00031234D61696E2032234D61696E00000051
:10DD00002A454E5420536176652645786974003162
:10DD10002E46726571556E6465724375746F6666E2
:10DD200000322E46726571556E6465725265747567
:10DD3000726E00332E467265714F7665724375744C
:10DD40006F666600342E467265714F766572526555
:10DD50007475726E00352E4672657154696D654139
:10DD6000624E6F726D00362E4672657154696D6534
:10DD700052657475726E00372E4578697400312EC5
:10DD800044697361626C652F456E61626C65003237
:10DD90002E506572696F6400332E446174652F5490
:10DDA000696D6500342E537461727454696D650039
:10DDB000352E4578697400312E44697361626C6553
:10DDC00000322E456E61626C650000002A454E549B
:10DDD0002053617665264578697400312E44616967
:10DDE0006C7900322E5765656B6C7900332E4D6F60
:10DDF0006E74686C7900002A454E54205361766534
:10DE0000264578697400312E4461746500322E44D1
:10DE100061796F667765656B00332E486F75727335
:10DE200000342E4D696E75746500352E4578697421
:10DE3000004E6F726D616C00556E64657200556EB8
:10DE400064657200556E64657252657475726E0019
:10DE5000004F766572004F766572004F766572529C
:10DE6000657475726E000000000000000000000183
:10DE70000203040607080900000000010203040071
:10DE80000000000000000000000000000000000092
:10DE90000000000000100010001000100010001022
:10DEA00000000010000000000028002800280000EA
:10DEB000000000000000000000000000002400241A
:10DEC000007C00240048007C00480048000000005E
:10DED000003800540050003800140054005400383A
:10DEE00000100000002000540058003000280054AA
:10DEF0000014000800000000001000280028001096
:10DF000000340048004800340000000000100010F9
:10DF100000100000000000000000000000000000F1
:10DF20000008001000200020002000200020002019
:10DF30000010000800200010000800080008000879
:10DF40000008000800100020001000380010002811
:10DF500000000000000000000000000000000000C1
:10DF600000100010007C00100010000000000000F5
:10DF70000000000000000000000000000000001091
:10DF80000010001000000000000000000000003839
:10DF90000000000000000000000000000000000081
:10DFA0000000000000000010000000000008000851
:10DFB00000100010001000100020002000000000E1
:10DFC0000038004400440054004400440044003839
:10DFD0000000000000100030005000100010001081
:10DFE000001000100000000000380044004400044D
:10DFF000000800100020007C0000000000380044F1
:10E000000004001800040004004400380000000070
:10E0100000080018002800280048007C00080008BC
:10E0200000000000007C0040004000780004000474
:10E030000044003800000000003800440040007830
:10E04000004400440044003800000000007C00044C
:10E050000008001000100020002000200000000038
:10E0600000380044004400380044004400440038B4
:10E07000000000000038004400440044003C00045C
:10E080000044003800000000000000000010000004
:10E090000000000000000010000000000000000070
:10E0A0000000001000000000000000100010001030
:10E0B00000000000000C003000400030000C0000A8
:10E0C00000000000000000000000007C0000007C58
:10E0D00000000000000000000000000000600018C8
:10E0E0000004001800600000000000000038004438
:10E0F00000040008001000100000001000000000E4
:10E1000000380044004C0054005C004000400038DF
:10E110000000000000100028002800280028007CD3
:10E1200000440044000000000078004400440078EF
:10E13000004400440044007800000000003800441F
:10E140000040004000400040004400380000000053
:10E15000007000480044004400440044004800703F
:10E1600000000000007C00400040007C00400040B7
:10E170000040007C00000000007C0040004000786F
:10E180000040004000400040000000000038004413
:10E1900000400040005C00440044003800000000E3
:10E1A000004400440044007C004400440044004417
:10E1B00000000000003800100010001000100010D7
:10E1C00000100038000000000004000400040004F7
:10E1D000000400040044003800000000004400482F
:10E1E000005000600050004800480044000000005B
:10E1F0000040004000400040004000400040007CE3
:10E20000000000000044006C006C00540044004416
:10E210000044004400000000004400640064005416
:10E220000054004C004C0044000000000038004442
:10E230000044004400440044004400380000000052
:10E240000078004400440044007800400040004052
:10E250000000000000380044004400440044004432
:10E2600000540038000400000078004400440044DA
:10E2700000780048004800440000000000380044D6
:10E280000040003000080004004400380000000096
:10E29000007C001000100010001000100010001092
:10E2A00000000000004400440044004400440044D6
:10E2B00000440038000000000044004400440028EE
:10E2C0000028002800100010000000000044004456
:10E2D000005400540054006C002800280000000086
:10E2E00000440028002800100010002800280044E6
:10E2F0000000000000440044002800280010001026
:10E300000010001000000000007C00040008001055
:10E31000001000200040007C0000000000180010E9
:10E320000010001000100010001000100010001865
:10E33000002000200010001000100010000800084D
:10E34000000000000030001000100010001000104D
:10E3500000100010001000300010002800280044B9
:10E3600000000000000000000000000000000000AD
:10E37000000000000000000000000000000000FE9F
:10E38000002000100000000000000000000000005D
:10E39000000000000000000000380044003C004481
:10E3A000004C0034000000000040004000580064B1
:10E3B0000044004400640058000000000000000019
:10E3C00000380044004000400044003800000000D5
:10E3D000000400040034004C00440044004C0034AD
:10E3E000000000000000000000380044007C0040F5
:10E3F0000044003800000000000C0010007C0010F9
:10E4000000100010001000100000000000000000CC
:10E410000034004C00440044004C003400040078F8
:10E4200000400040005800640044004400440044A0
:10E43000000000000010000000700010001000102C
:10E44000001000100000000000100000007000101C
:10E450000010001000100010001000E0004000400C
:10E4600000480050006000500048004400000000D8
:10E4700000700010001000100010001000100010BC
:10E480000000000000000000007800540054005418
:10E490000054005400000000000000000058006418
:10E4A000004400440044004400000000000000005C
:10E4B00000380044004400440044003800000000DC
:10E4C000000000000058006400440044006400584C
:10E4D00000400040000000000034004C00440044B4
:10E4E000004C0034000400040000000000580064E8
:10E4F000004000400040004000000000000000001C
:10E5000000380044003000080044003800000000DB
:10E5100000200020007800200020002000200018AB
:10E5200000000000000000000044004400440044DB
:10E53000004C0034000000000000000000440044D3
:10E540000028002800280010000000000000000043
:10E55000005400540054006C002800280000000003
:10E5600000000000004400280010001000280044B3
:10E5700000000000000000000044004400280028C3
:10E58000001000100010006000000000007C000877
:10E59000001000200040007C000000000018001067
:10E5A00000100010002000200010001000100018C3
:10E5B00000100010001000100010001000100010DB
:10E5C00000100010003000100010001000080008BB
:10E5D0000010001000100030000000000000007467
:10E5E000004C0000000000000000000000000000DF
:10E5F000000000000000000000000000000000001B
:10E60000000000000000000000000000000000000A
:10E610000000000C000C000C000C000C000C000CA6
:10E62000000C000C000C000C0000000C000C0000A2
:10E63000000000000000001B001B001B001B001B53
:10E6400000000000000000000000000000000000CA
:10E6500000000000000000000000801980198019EF
:10E660008019C07FC07F80190033C07FC07F003316
:10E670000033003300330000000000000000001EE3
:10E68000003F807580650074003C001E0007800517
:10E69000806580658075003F001E00040004000056
:10E6A0000000007000D840D8C0D880D900730006A0
:10E6B000000C801BC036C066C046C0068003000048
:10E6C000000000000000001E003F00330033003354
:10E6D000001E000CC03CC066806380618063C03E49
:10E6E000801C0000000000000000000C000C000C6A
:10E6F000000C000C00000000000000000000000002
:10E700000000000000000000000000008000000188
:10E710000003000600060004000C000C000C000CB6
:10E72000000C000C0004000600060003000180003D
:10E73000002000100018000C000C00040006000669
:10E7400000060006000600060004000C000C00187D
:10E75000001000200000000C002D003F001E0033C0
:10E7600000000000000000000000000000000000A9
:10E770000000000000000000000000000000000C8D
:10E78000000C000C000CC0FFC0FF000C000C000CC3
:10E79000000C00000000000000000000000000006D
:10E7A0000000000000000000000000000000000069
:10E7B000000000000000000C000C00040004000831
:10E7C0000000000000000000000000000000000049
:10E7D0000000001E001E00000000000000000000FD
:10E7E0000000000000000000000000000000000029
:10E7F0000000000000000000000000000000000C0D
:10E80000000C0000000000000000000300030003F3
:10E810000006000600060006000C000C000C000CB0
:10E820000018001800180000000000000000001E82
:10E83000003F0033806180618061806D806D806108
:10E84000806180610033003F001E00000000000076
:10E8500000000006000E001E00360026000600061E
:10E86000000600060006000600060006000600007E
:10E87000000000000000001E003F80738061806186
:10E88000800100030006000C001800300060807F4B
:10E89000807F0000000000000000001C003E0063BC
:10E8A00000630003000E000E000380018001806100
:10E8B0008073003F001E0000000000000000000602
:10E8C000000E000E001E001E001600360036006608
:10E8D000807F807F00060006000600000000000028
:10E8E0000000007F007F006000600060006E007F1D
:10E8F00080638001800180618073003F001E000002
:10E90000000000000000001E003F803380610060B6
:10E91000006E007F80738061806180618033003F82
:10E92000001E0000000000000000807F807F80014A
:10E930000003000300060006000C000C000C000899
:10E940000018001800180000000000000000001E61
:10E95000003F8063806180610021001E003F806174
:10E96000806180618061003F001E000000000000A7
:10E970000000001E003F0073806180618061807331
:10E98000803F801D800180610073003F001E0000F9
:10E990000000000000000000000000000000000C6B
:10E9A000000C000000000000000000000000000C4F
:10E9B000000C00000000000000000000000000004B
:10E9C00000000000000C000C00000000000000002F
:10E9D0000000000C000C000400040008000000000F
:10E9E0000000000080008003000E00380060003846
:10E9F000000E800380000000000000000000000006
:10EA000000000000000000000000807F807F000008
:10EA10000000807F807F00000000000000000000F8
:10EA20000000000000000000000000000040007036
:10EA3000001C000780010007001C0070004000005F
:10EA400000000000000000000000001F803FC071B7
:10EA5000C060C000C00180030007000E000C000C65
:10EA60000000000C000C0000000000000000001E70
:10EA7000003F803180718063806F806D806D806F1A
:10EA8000806700600032003E001C000000000000B3
:10EA90000000000E000E001B001B001B001B80313D
:10EAA0008031803F803F8031C060C060C060000026
:10EAB000000000000000007C007E00630063006333
:10EAC0000063007E007E0063806180618063007F60
:10EAD000007E0000000000000000001E003F8031AA
:10EAE0008061006000600060006000600060806124
:10EAF0008031003F001E0000000000000000007C8C
:10EB0000007F0063806380618061806180618061DB
:10EB1000806100630063007E007C00000000000054
:10EB20000000807F807F0060006000600060007FE8
:10EB3000007F0060006000600060807F807F0000D8
:10EB4000000000000000807F807F006000600060A7
:10EB50000060007F007F0060006000600060006077
:10EB600000600000000000000000001E003F803137
:10EB7000806100600060006080638063806180610C
:10EB80008031803F001E0000000000000000806116
:10EB900080618061806180618061807F807F806131
:10EBA0008061806180618061806100000000000000
:10EBB0000000003F003F000C000C000C000C000C9B
:10EBC000000C000C000C000C000C003F003F00008B
:10EBD00000000000000080018001800180018001B0
:10EBE0008001800180018001806180618073003F2D
:10EBF000001E0000000000000000C0608061006393
:10EC000000660066006C0078007C006600660063A9
:10EC100080618061C06000000000000000000060B2
:10EC200000600060006000600060006000600060E4
:10EC3000006000600060807F807F000000000000B6
:10EC40000000C071C071C07BC07AC06AC06AC06E6B
:10EC5000C064C060C060C060C060C060C0600000D0
:10EC600000000000000080718071807980798079D7
:10EC7000806D806D806D8065806780678067806350
:10EC800080630000000000000000001E003F003311
:10EC9000806180618061806180618061806180616C
:10ECA0000033003F001E0000000000000000007E56
:10ECB000007F80638061806180618063007F007E6F
:10ECC0000060006000600060006000000000000064
:10ECD0000000001E003F0033806180618061806120
:10ECE00080618061806580670033803F401E000046
:10ECF000000000000000007E007F80638061806172
:10ED00008063007F007E0066006300638061806135
:10ED1000C0600000000000000000000E001F8031F5
:10ED2000803100300038001E000780038061806160
:10ED30008031003F001E0000000000000000C0FF06
:10ED4000C0FF000C000C000C000C000C000C000CB0
:10ED5000000C000C000C000C000C00000000000077
:10ED6000000080618061806180618061806180617C
:10ED700080618061806180618073003F001E0000BF
:10ED8000000000000000C060C060C06080318031C1
:10ED90008031001B001B001B001B000E000E000E2C
:10EDA00000040000000000000000C0C0C0C0C0C0DF
:10EDB000C0C0C0C0C0CC804C804C805E80528052AD
:10EDC0008073806180610000000000000000C0C00E
:10EDD000806080610033003B001E000C000C001EB0
:10EDE000001F003B80718061C0C000000000000077
:10EDF0000000C0C08061806100330033001E001E2F
:10EE0000000C000C000C000C000C000C000C0000AE
:10EE1000000000000000803F803F800100030003ED
:10EE20000006000C000C0018001800300060807F05
:10EE3000807F000000000000000F000F000C000C9D
:10EE4000000C000C000C000C000C000C000C000C62
:10EE5000000C000C000C000C000F000F000000184C
:10EE600000180018000C000C000C000C0006000636
:10EE7000000600060003000300030000000000007D
:10EE8000001E001E00060006000600060006000622
:10EE90000006000600060006000600060006000642
:10EEA000001E001E0000000C000C001E00120033AB
:10EEB000003380618061000000000000000000005D
:10EEC0000000000000000000000000000000000042
:10EED0000000000000000000000000000000000032
:10EEE0000000000000000000E0FF0000000000380B
:10EEF0000018000C000000000000000000000000EE
:10EF00000000000000000000000000000000000001
:10EF100000000000000000000000001F803F806132
:10EF20008001801F803F80618063807FC038000047
:10EF30000000000000000060006000600060006EE3
:10EF4000007F807380618061806180618073007F59
:10EF5000006E000000000000000000000000000043
:10EF60000000001E003F80738061006000608061CF
:10EF70008073003F001E00000000000000008001C0
:10EF8000800180018001801D803F807380618061ED
:10EF9000806180618073803F801D00000000000060
:10EFA00000000000000000000000001E003F007391
:10EFB0008061807F807F00608071003F001E0000C4
:10EFC000000000000000C007C00F000C000C807F94
:10EFD000807F000C000C000C000C000C000C000CDE
:10EFE000000C000000000000000000000000000015
:10EFF000801D803F8073806180618061806180734B
:10F00000803F801D80018063007F003E0000006023
:10F01000006000600060006F807F807180618061AF
:10F02000806180618061806180610000000000007B
:10F0300000000006000600000000003E003E000642
:10F040000006000600060006000600060006000096
:10F05000000000000006000600000000003E003E28
:10F060000006000600060006000600060006000670
:10F0700000060046007E003C00000060006000606A
:10F080000060806100630066006C007C00760063B5
:10F0900000638061C0600000000000000000003ECE
:10F0A000003E0006000600060006000600060006F8
:10F0B0000006000600060006000600000000000032
:10F0C0000000000000000000000080DDC0FFC0CE96
:10F0D000C0CCC0CCC0CCC0CCC0CCC0CCC0CC00005C
:10F0E0000000000000000000000000000000006FB1
:10F0F000807F8071806180618061806180618061DA
:10F10000806100000000000000000000000000001E
:10F110000000001E003F807380618061806180611B
:10F120008073003F001E000000000000000000008F
:10F1300000000000006E007F80738061806180614C
:10F1400080618073007F006E00600060006000607E
:10F150000000000000000000801D803F807380617F
:10F160008061806180618073803F801D80018001AB
:10F170008001800100000000000000000000006726
:10F18000803F003900300030003000300030003067
:10F19000003000000000000000000000000000003F
:10F1A0000000001E803F80610060007F803F800182
:10F1B0008061007F001E00000000000000000000D1
:10F1C000000800180018007F007F001800180018C1
:10F1D000001800180018801F800F000000000000B9
:10F1E000000000000000000000008061806180617C
:10F1F00080618061806180618063807F803D0000EC
:10F200000000000000000000000000000000C060DE
:10F21000803180318031001B001B001B000E000E6E
:10F2200000060000000000000000000000000000D8
:10F23000000080DD80DD80DD005500550055007741
:10F240000077002200220000000000000000000003
:10F25000000000000000806100330033001E000C3D
:10F26000000C001E0033003380610000000000002D
:10F2700000000000000000008061806180310033E8
:10F280000033001B001B001B000E000E000E001CB4
:10F29000007C007000000000000000000000C07F43
:10F2A000C07F800100030006000C00180030C07F02
:10F2B000C07F0000000000008003800700060006F9
:10F2C000000600060006000E001C001C000E0006D2
:10F2D0000006000600060006800780030006000600
:10F2E00000060006000600060006000600060006EE
:10F2F00000060006000600060006000600060006DE
:10F300000038003C000C000C000C000C000C000E3F
:10F3100000070007000E000C000C000C000C000C95
:10F32000003C003800000000000000000000000069
:10F3300000008038807F00470000000000000000CF
:10F3400000000000000000000000000000000000BD
:10F35000000000000000000000200020002000202D
:10F36000002000000020000000500050005000006D
:10F3700000000000000000000050005000F80050A5
:10F3800000F80050005000000020007800A000703D
:10F39000002800F00020000000C000C8001000207D
:10F3A0000040009800180000004000A000A00040AD
:10F3B00000A80090006800000030003000200040ED
:10F3C000000000000000000000100020004000408D
:10F3D000004000200010000000400020001000103D
:10F3E0000010002000400000002000A8007000F87D
:10F3F000007000A80020000000000020002000F89D
:10F4000000200020000000000000000000000000BC
:10F41000003000300020000000000000000000F874
:10F4200000000000000000000000000000000000DC
:10F430000000003000300000000000080010002034
:10F44000004000800000000000700088009800A8C4
:10F4500000C800880070000000200060002000202C
:10F46000002000200070000000700088000800707C
:10F470000080008000F8000000F800080010003054
:10F48000000800880070000000100030005000905C
:10F4900000F800100010000000F8008000F00008E4
:10F4A000000800880070000000380040008000F074
:10F4B000008800880070000000F8000800080010B4
:10F4C000002000400080000000700088008800706C
:10F4D00000880088007000000070008800880078B4
:10F4E0000008001000E00000000000000020000004
:10F4F00000200000000000000000000000200000CC
:10F500000020002000400000000800100020004003
:10F5100000200010000800000000000000F80000BB
:10F5200000F800000000000000400020001000086B
:10F53000001000200040000000700088000800302B
:10F5400000200000002000000070008800A800B823
:10F5500000B0008000780000002000500088008883
:10F5600000F800880088000000F00088008800F0A3
:10F570000088008800F00000007000880080008093
:10F58000008000880070000000F00088008800887B
:10F590000088008800F0000000F80080008000F083
:10F5A0000080008000F8000000F80080008000F07B
:10F5B00000800080008000000078008800800080CB
:10F5C000009800880078000000880088008800F813
:10F5D00000880088008800000070002000200020C3
:10F5E0000020002000700000003800100010001003
:10F5F00000100090006000000088009000A000C093
:10F6000000A0009000880000008000800080008042
:10F610000080008000F80000008800D800A800A842
:10F6200000A80088008800000088008800C800A8A2
:10F63000009800880088000000700088008800881A
:10F64000008800880070000000F00088008800F04A
:10F650000080008000800000007000880088008822
:10F6600000A800900068000000F00088008800F00A
:10F6700000A00090008800000070008800800070EA
:10F68000000800880070000000F800A8002000209A
:10F6900000200020002000000088008800880088EA
:10F6A00000880088007000000088008800880088BA
:10F6B000008800500020000000880088008800A812
:10F6C00000A800A80050000000880088005000201A
:10F6D000005000880088000000880088005000204A
:10F6E000002000200020000000F80008001000703A
:10F6F0000040008000F8000000780040004000401A
:10F700000040004000780000000000800040002021
:10F710000010000800000000007800080008000841
:10F720000008000800780000002000500088000059
:10F7300000000000000000000000000000000000C9
:10F740000000000000F800000060006000200010D1
:10F750000000000000000000000000000060001039
:10F7600000700090007800000080008000B000C8A9
:10F77000008800C800B00000000000000070008891
:10F7800000800088007000000008000800680098F1
:10F7900000880098006800000000000000700088E9
:10F7A00000F80080007000000010002800200070A9
:10F7B00000200020002000000000000000700098E1
:10F7C00000980068000800000080008000B000C8B9
:10F7D00000880088008800000020000000600020F1
:10F7E0000020002000700000001000000010001039
:10F7F000001000900060000000800080009000A0D9
:10F8000000C000A000900000006000200020002048
:10F8100000200020007000000000000000D000A8C0
:10F8200000A800A800A800000000000000B000C868
:10F830000088008800880000000000000070008838
:10F8400000880088007000000000000000B000C8C0
:10F8500000C800B0008000000000000000680098B0
:10F8600000980068000800000000000000B000C818
:10F870000080008000800000000000000078008010
:10F880000070000800F000000020002000F80020B8
:10F890000020002800100000000000000088008800
:10F8A00000880098006800000000000000880088C0
:10F8B0000088005000200000000000000088008840
:10F8C00000A800A8005000000000000000880050C0
:10F8D0000020005000880000000000000088008820
:10F8E00000780008008800000000000000F8001008
:10F8F0000020004000F80000001000200020004020
:10F900000020002000100000002000200020000047
:10F9100000200020002000000040002000200010F7
:10F920000020002000400000004000A8001000005F
:10F9300000000000000000004C5555555555A53FEE
:10F940007751C1166CC156BF9015CB19A001FA3E74
:10F95000AD529C804F7E92BEC4B1B4BD9EEE213E9E
:10F96000D43888BEE9FAA8BD00004054FB21F93F15
:10F970003163621A61B4D03D0000601A61B4D03DB9
:10F980007370032E8A19A33B0000002E8A19A33B33
:10F99000C14920259A837B39000000000000000047
:10F9A0006E83F9A22915444ED15727FCC0DD34F5EA
:10F9B000999562DB4190433CAB6351FE61C5BBDE70
:10F9C0003A6E24B7E0D24D42EA2E49061C92D10984
:10F9D0001CEB1DFE3EA729B1F53582E88444BB2E01
:10F9E00026709CE9417E5FB439D69139F43953834E
:10F9F0008B5F849C3B28F9BDFF97F81F0F9805DEAD
:10FA00008B112FEF1F6D0A5ACF7E366DB709CB27AA
:10FA1000663F464F2DEA5F9EC7BA27757BF1E5EB3F
:10FA2000F739073DEA92528AB15FFB6B085D8D1F83
:10FA3000A6F810111111813FD561C119A0012ABF8B
:10FA40007DFEB157E31DC73EEB9C2B8AE6E55ABE0F
:10FA50007CD5CF5A3AD9E53D78FA0008000000205D
:10FA6000A0020000340B000854FB0008A002002094
:10FA7000C8210000DC780008B102EC0313C15A145D
:10FA800008015B1B080D041A35041A71041A91143D
:10FA90001ACD0417040309041201140202021640CD
:10FAA00083044057260201020301031A1A0313B903
:10FAB0000B1B08B3041AAD041ADD04192F118204BC
:10FAC00053127A130A0632022A401C1C09024357B9
:10FAD000111CC03209261B01020B1305241610014C
:10FAE0000524011009010424020205240617010758
:10FAF000058203081C1009048D320A1D0705010246
:10FB0000432C070581070938442A40072A81071139
:10FB10002B0907440A3B04441399571408F7561459
:10FB200008C75842081A3F101A71101AC504C11AA2
:10FB300081181A75041A8D041A6904811A060A13A9
:10FB400048F31B08075C1380DE24080B124BECE51E
:04FB50002000000091
:04000005080000C12E
:00000001FF
